date,equity
2009-01-02,100000000.00
2009-01-02,100000000.00
2009-01-02,100000000.00
2009-01-02,100000000.00
2009-01-02,100000000.00
2009-01-02,100000000.00
2009-01-02,100000000.00
2009-01-02,100000000.00
2009-01-02,100000000.00
2009-01-02,100000000.00
2009-01-02,100000000.00
2009-01-02,100000000.00
2009-01-02,100000000.00
2009-01-02,100000000.00
2009-01-02,100000000.00
2009-01-02,100000000.00
2009-01-02,100000000.00
2009-01-02,100000000.00
2009-01-02,100000000.00
2009-01-02,100000000.00
2009-01-16,100015540.06
2009-01-16,100015540.06
2009-01-31,99273180.13
2009-01-31,98954176.58
2009-01-31,98223613.94
2009-01-31,97765191.44
2009-01-31,98341965.72
2009-01-31,99555454.31
2009-01-31,99395698.11
2009-01-31,99864466.84
2009-01-31,99929759.85
2009-01-31,101069340.43
2009-01-31,101285974.11
2009-01-31,101402828.14
2009-01-31,101929491.00
2009-01-31,101168521.87
2009-02-06,101168521.87
2009-02-06,101168521.87
2009-02-06,101168521.87
2009-02-06,101168521.87
2009-02-06,101168521.87
2009-02-06,101168521.87
2009-02-06,101168521.87
2009-02-06,101168521.87
2009-02-06,101168521.87
2009-02-06,101168521.87
2009-02-06,101168521.87
2009-02-06,101168521.87
2009-02-06,101168521.87
2009-02-06,101168521.87
2009-02-20,99599178.12
2009-02-20,98930509.70
2009-02-20,98930509.70
2009-02-20,98930509.70
2009-02-28,97920787.79
2009-02-28,97058609.00
2009-02-28,96624338.34
2009-02-28,96492411.61
2009-02-28,95813958.15
2009-03-06,95354073.57
2009-03-06,95096224.35
2009-03-06,95096224.35
2009-03-06,95096224.35
2009-03-06,95096224.35
2009-03-06,95096224.35
2009-03-06,95096224.35
2009-03-06,95096224.35
2009-03-06,95096224.35
2009-03-31,94784248.19
2009-03-31,94379979.36
2009-03-31,93933243.15
2009-04-03,93933243.15
2009-04-03,93933243.15
2009-04-03,93933243.15
2009-06-19,93365747.00
2009-06-19,93365747.00
2009-06-30,92347824.38
2009-07-03,92347824.38
2009-07-10,91853387.32
2009-07-10,91853387.32
2009-07-17,91640497.51
2009-07-17,91640497.51
2009-09-25,92382062.22
2009-09-25,92382062.22
2009-09-30,92576687.44
2009-09-30,93409199.06
2009-09-30,94377276.87
2009-09-30,93880004.70
2009-09-30,93228081.30
2009-10-02,93228081.30
2009-10-02,93228081.30
2009-10-02,93228081.30
2009-10-02,93228081.30
2009-10-02,93228081.30
2009-10-16,92513710.57
2009-10-16,92513710.57
2009-10-23,93581464.37
2009-10-23,93581464.37
2009-10-30,93234161.65
2009-10-30,93234161.65
2009-10-31,95494859.28
2009-10-31,95488773.05
2009-11-06,95488773.05
2009-11-06,95488773.05
2009-11-27,98538755.99
2009-11-27,98538755.99
2009-11-30,105563458.31
2009-11-30,106265471.55
2009-12-04,106265471.55
2009-12-04,106265471.55
2009-12-31,113102847.65
2009-12-31,112730634.98
2010-01-01,112730634.98
2010-01-01,112730634.98
2010-01-15,111985689.81
2010-01-15,111985689.81
2010-01-22,111557192.08
2010-01-22,111557192.08
2010-01-29,112213828.30
2010-01-29,112213828.30
2010-01-31,113019173.09
2010-01-31,112271585.88
2010-01-31,111123343.27
2010-01-31,110701644.98
2010-01-31,110520204.91
2010-01-31,110388608.74
2010-02-05,110273227.20
2010-02-05,110273227.20
2010-02-05,110273227.20
2010-02-05,110273227.20
2010-02-05,110273227.20
2010-02-05,110273227.20
2010-02-05,110273227.20
2010-02-05,110273227.20
2010-02-12,109835448.17
2010-02-12,109835448.17
2010-02-19,110860263.96
2010-02-19,113443089.30
2010-02-19,113443089.30
2010-02-19,113443089.30
2010-02-26,113089292.38
2010-02-26,113089292.38
2010-02-28,112736710.14
2010-02-28,112610833.23
2010-03-05,120115660.06
2010-03-05,120115660.06
2010-03-05,120115660.06
2010-03-05,120115660.06
2010-03-12,120170239.26
2010-03-12,120170239.26
2010-03-31,118993101.12
2010-04-02,118993101.12
2010-04-23,117388975.47
2010-04-23,119081087.17
2010-04-23,119081087.17
2010-04-23,119081087.17
2010-04-30,118935224.01
2010-04-30,118935224.01
2010-05-07,119890678.81
2010-05-07,120101245.95
2010-05-07,119735007.90
2010-05-07,119735007.90
2010-05-07,119735007.90
2010-05-07,119735007.90
2010-05-14,119364563.92
2010-05-14,118996919.90
2010-05-14,118996919.90
2010-05-14,118996919.90
2010-05-21,118382843.07
2010-05-21,118209060.64
2010-05-21,117751848.72
2010-05-21,117751848.72
2010-05-21,117751848.72
2010-05-21,117751848.72
2010-05-28,117241402.98
2010-05-28,117241402.98
2010-05-31,116969407.73
2010-05-31,116556037.86
2010-05-31,116347649.32
2010-06-04,116347649.32
2010-06-04,116347649.32
2010-06-04,116347649.32
2010-06-18,115717532.50
2010-06-18,115717532.50
2010-06-25,115331447.90
2010-06-25,115331447.90
2010-06-30,114782724.57
2010-06-30,114233080.02
2010-07-02,113818053.97
2010-07-02,113818053.97
2010-07-02,113818053.97
2010-07-02,113818053.97
2010-07-16,113564944.89
2010-07-16,113564944.89
2010-08-13,113133783.33
2010-08-13,113133783.33
2010-08-20,113002178.83
2010-08-20,113002178.83
2010-08-27,113052401.05
2010-08-27,113052401.05
2010-09-30,112263792.36
2010-10-01,112263792.36
2010-10-29,111491141.60
2010-10-29,111491141.60
2010-10-31,117424958.63
2010-11-05,117424958.63
2010-11-12,117119406.13
2010-11-12,117119406.13
2010-11-26,122505531.88
2010-11-26,122505531.88
2010-11-30,122333990.59
2010-12-03,122333990.59
2010-12-10,122051599.12
2010-12-10,122051599.12
2010-12-31,121643973.63
2010-12-31,121643973.63
2011-01-21,121069856.43
2011-01-21,121069856.43
2011-01-31,126861131.87
2011-01-31,127246596.06
2011-02-04,127246596.06
2011-02-04,127246596.06
2011-02-11,126235265.67
2011-02-11,126235265.67
2011-02-18,127120089.65
2011-02-18,128667726.90
2011-02-18,128667726.90
2011-02-18,128667726.90
2011-02-25,128798798.81
2011-02-25,126570069.78
2011-02-25,126570069.78
2011-02-25,126570069.78
2011-02-28,127709360.92
2011-02-28,128972591.04
2011-02-28,128025001.35
2011-02-28,126872304.80
2011-02-28,126500438.16
2011-03-04,125732371.54
2011-03-04,125732371.54
2011-03-04,125732371.54
2011-03-04,125732371.54
2011-03-04,125732371.54
2011-03-04,125732371.54
2011-03-04,125732371.54
2011-03-11,125258990.26
2011-03-11,125258990.26
2011-03-18,124938319.98
2011-03-18,125007619.61
2011-03-18,125007619.61
2011-03-18,125007619.61
2011-03-31,126921447.20
2011-04-01,126921447.20
2011-05-13,127706862.25
2011-05-13,127706862.25
2011-05-20,127731125.98
2011-05-20,127570573.94
2011-05-20,127794292.40
2011-05-20,127794292.40
2011-05-20,127794292.40
2011-05-20,127794292.40
2011-05-27,127552074.03
2011-05-27,127552074.03
2011-05-31,130201721.30
2011-05-31,127944909.70
2011-05-31,125949369.58
2011-05-31,125280481.24
2011-06-03,124720609.36
2011-06-03,124720609.36
2011-06-03,124720609.36
2011-06-03,124720609.36
2011-06-03,124720609.36
2011-06-03,124720609.36
2011-06-10,124227769.95
2011-06-10,124068287.55
2011-06-10,127680353.26
2011-06-10,127680353.26
2011-06-10,127680353.26
2011-06-10,127680353.26
2011-06-17,128071398.71
2011-06-17,126861068.04
2011-06-17,126861068.04
2011-06-17,126861068.04
2011-06-24,127279648.13
2011-06-24,127279648.13
2011-06-30,129157534.44
2011-06-30,129335638.24
2011-06-30,128339531.56
2011-07-01,130923871.04
2011-07-01,130923871.04
2011-07-01,130923871.04
2011-07-01,130923871.04
2011-07-01,130923871.04
2011-07-08,130619368.62
2011-07-08,130619368.62
2011-07-15,130356381.16
2011-07-15,129993229.93
2011-07-15,129993229.93
2011-07-15,129993229.93
2011-07-22,129656942.96
2011-07-22,129242021.46
2011-07-22,129242021.46
2011-07-22,129242021.46
2011-08-05,129104195.41
2011-08-05,128254675.18
2011-08-05,128254675.18
2011-08-05,128254675.18
2011-08-12,127104780.20
2011-08-12,126831323.89
2011-08-12,125996566.62
2011-08-12,124973432.97
2011-08-12,124973432.97
2011-08-12,124973432.97
2011-08-12,124973432.97
2011-08-12,124973432.97
2011-08-19,137807738.62
2011-08-19,136946092.36
2011-08-19,136946092.36
2011-08-19,136946092.36
2011-08-26,135512883.77
2011-08-26,134728721.32
2011-08-26,134728721.32
2011-08-26,134728721.32
2011-08-31,134714239.92
2011-08-31,134114623.58
2011-09-02,134114623.58
2011-09-02,134114623.58
2011-09-09,133389551.39
2011-09-09,132781804.86
2011-09-09,132781804.86
2011-09-09,132781804.86
2011-09-23,132354799.70
2011-09-23,130901854.56
2011-09-23,130312817.65
2011-09-23,129948287.39
2011-09-23,129948287.39
2011-09-23,129948287.39
2011-09-23,129948287.39
2011-09-23,129948287.39
2011-09-30,134231479.01
2011-09-30,133004179.14
2011-09-30,131870127.07
2011-09-30,130784554.24
2011-09-30,129560685.71
2011-09-30,128250444.17
2011-09-30,128250444.17
2011-09-30,128250444.17
2011-09-30,128250444.17
2011-09-30,128250444.17
2011-09-30,128250444.17
2011-09-30,128250444.17
2011-10-07,126571920.32
2011-10-07,126571920.32
2011-10-21,126385924.08
2011-10-21,125307611.66
2011-10-21,125307611.66
2011-10-21,125307611.66
2011-10-31,124890676.43
2011-11-04,124890676.43
2011-11-18,124850516.89
2011-11-18,124850516.89
2011-11-25,124057574.49
2011-11-25,122959423.52
2011-11-25,122959423.52
2011-11-25,122959423.52
2011-11-30,123184810.64
2011-11-30,122663061.98
2011-11-30,121843510.33
2011-11-30,120664578.56
2011-11-30,120527232.67
2011-11-30,120271625.05
2011-12-02,120271625.05
2011-12-02,120271625.05
2011-12-02,120271625.05
2011-12-02,120271625.05
2011-12-02,120271625.05
2011-12-02,120271625.05
2011-12-16,120729046.96
2011-12-16,120729046.96
2011-12-23,120403107.83
2011-12-23,120403107.83
2011-12-30,120090405.24
2011-12-30,119571402.31
2011-12-30,119571402.31
2011-12-30,119571402.31
2011-12-31,121338025.71
2011-12-31,121666778.34
2011-12-31,121247173.81
2011-12-31,121018631.11
2011-12-31,120671488.96
2011-12-31,120471590.92
2012-01-06,120471590.92
2012-01-06,120471590.92
2012-01-06,120471590.92
2012-01-06,120471590.92
2012-01-06,120471590.92
2012-01-06,120471590.92
2012-01-20,120511006.10
2012-01-20,120511006.10
2012-01-27,120141897.31
2012-01-27,120141897.31
2012-01-31,120078830.30
2012-01-31,119913339.21
2012-02-03,119913339.21
2012-02-03,119913339.21
2012-02-29,119398472.26
2012-02-29,119375379.06
2012-03-02,119427291.37
2012-03-02,119427291.37
2012-03-02,119427291.37
2012-03-02,119427291.37
2012-03-23,119365693.69
2012-03-23,118815988.32
2012-03-23,118815988.32
2012-03-23,118815988.32
2012-03-31,118681638.65
2012-03-31,118638113.16
2012-03-31,118326657.10
2012-03-31,117870685.61
2012-03-31,117578062.40
2012-04-06,117578062.40
2012-04-06,117578062.40
2012-04-06,117578062.40
2012-04-06,117578062.40
2012-04-06,117578062.40
2012-04-27,116867945.49
2012-04-27,116867945.49
2012-04-30,116108803.06
2012-04-30,115078136.14
2012-04-30,114403595.52
2012-04-30,113209941.57
2012-04-30,112819335.58
2012-05-04,113420654.30
2012-05-04,113321697.99
2012-05-04,113321697.99
2012-05-04,113321697.99
2012-05-04,113321697.99
2012-05-04,113321697.99
2012-05-04,113321697.99
2012-05-04,113321697.99
2012-05-04,113321697.99
2012-05-11,113164814.85
2012-05-11,113164814.85
2012-05-18,112926782.21
2012-05-18,112485121.93
2012-05-18,112014259.93
2012-05-18,111429419.60
2012-05-18,111429419.60
2012-05-18,111429419.60
2012-05-18,111429419.60
2012-05-18,111429419.60
2012-05-31,111542595.73
2012-05-31,111597248.51
2012-06-01,111597248.51
2012-06-01,111597248.51
2012-06-30,111293075.34
2012-07-06,111293075.34
2012-07-20,110925729.20
2012-07-20,114946592.66
2012-07-20,113950663.22
2012-07-20,113950663.22
2012-07-20,113950663.22
2012-07-20,113950663.22
2012-07-31,113509541.26
2012-07-31,114938589.94
2012-08-03,114619244.40
2012-08-03,114619244.40
2012-08-03,114619244.40
2012-08-03,114619244.40
2012-08-24,115549123.73
2012-08-24,115549123.73
2012-09-21,115778892.33
2012-09-21,115778892.33
2012-09-28,115645182.90
2012-09-28,115645182.90
2012-09-30,115106769.13
2012-10-05,115142322.55
2012-10-05,115142322.55
2012-10-05,115142322.55
2012-10-12,115497061.53
2012-10-12,115497061.53
2012-10-26,115678960.68
2012-10-26,115678960.68
2012-10-31,118174768.05
2012-10-31,116792414.41
2012-11-02,116792414.41
2012-11-02,116792414.41
2012-11-09,116172054.20
2012-11-09,115488483.29
2012-11-09,115488483.29
2012-11-09,115488483.29
2012-11-16,114546112.13
2012-11-16,113623150.69
2012-11-16,112393171.64
2012-11-16,112393171.64
2012-11-16,112393171.64
2012-11-16,112393171.64
2012-11-23,111851600.35
2012-11-23,111851600.35
2012-11-30,111841718.57
2012-11-30,112621657.36
2012-11-30,112338738.48
2012-11-30,112467265.49
2012-11-30,112467265.49
2012-11-30,112467265.49
2012-11-30,112467265.49
2012-11-30,112467265.49
2012-12-07,112147006.94
2012-12-07,112147006.94
2012-12-14,111662323.94
2012-12-14,111662323.94
2012-12-21,111101307.22
2012-12-21,113716045.73
2012-12-21,113716045.73
2012-12-21,113716045.73
2012-12-28,113272193.89
2012-12-28,113272193.89
2012-12-31,112980282.70
2012-12-31,112971441.93
2013-01-04,112971441.93
2013-01-04,112971441.93
2013-01-11,112836989.96
2013-01-11,112836989.96
2013-01-25,116102225.48
2013-01-25,116102225.48
2013-01-31,115713652.02
2013-02-01,118719072.60
2013-02-01,118719072.60
2013-02-01,118719072.60
2013-03-08,119781252.89
2013-03-08,119781252.89
2013-03-15,118622911.50
2013-03-15,118622911.50
2013-03-31,117568179.75
2013-04-05,117042721.18
2013-04-05,117042721.18
2013-04-05,117042721.18
2013-04-19,116867739.82
2013-04-19,116903008.99
2013-04-19,116903008.99
2013-04-19,116903008.99
2013-05-03,121541533.03
2013-05-03,121541533.03
2013-05-17,124050085.42
2013-05-17,124050085.42
2013-05-31,124018638.46
2013-05-31,124018638.46
2013-06-07,124593132.90
2013-06-07,124943211.94
2013-06-07,125597990.55
2013-06-07,125597990.55
2013-06-07,125597990.55
2013-06-07,125597990.55
2013-06-21,126018815.44
2013-06-21,126330472.42
2013-06-21,126257102.49
2013-06-21,126257102.49
2013-06-21,126257102.49
2013-06-21,126257102.49
2013-06-30,128976924.85
2013-06-30,128776268.23
2013-06-30,128478364.53
2013-07-05,128478364.53
2013-07-05,128478364.53
2013-07-05,128478364.53
2013-07-31,127876225.03
2013-08-02,127876225.03
2013-08-30,126644960.17
2013-08-30,126644960.17
2013-08-31,126043290.51
2013-09-06,126043290.51
2013-09-30,128895548.80
2013-09-30,128891175.65
2013-09-30,128542904.36
2013-10-04,128414951.24
2013-10-04,128414951.24
2013-10-04,128414951.24
2013-10-04,128414951.24
2013-10-04,128414951.24
2013-10-11,131762624.51
2013-10-11,131762624.51
2013-10-18,131770430.01
2013-10-18,131642276.49
2013-10-18,135537819.73
2013-10-18,135614328.12
2013-10-18,134886927.57
2013-10-18,134886927.57
2013-10-18,134886927.57
2013-10-18,134886927.57
2013-10-18,134886927.57
2013-10-18,134886927.57
2013-10-25,134482114.45
2013-10-25,134482114.45
2013-10-31,134925618.49
2013-10-31,134455175.19
2013-10-31,134152573.12
2013-11-01,134152573.12
2013-11-01,134152573.12
2013-11-01,134152573.12
2013-11-08,133486257.60
2013-11-08,133486257.60
2013-11-22,133303968.08
2013-11-22,132862470.06
2013-11-22,132862470.06
2013-11-22,132862470.06
2013-11-30,134843345.77
2013-11-30,135060823.14
2013-11-30,134409139.79
2013-11-30,134145613.55
2013-11-30,134150891.67
2013-12-06,134150891.67
2013-12-06,134150891.67
2013-12-06,134150891.67
2013-12-06,134150891.67
2013-12-06,134150891.67
2013-12-13,133596651.35
2013-12-13,133596651.35
2013-12-20,132890601.93
2013-12-20,132331963.77
2013-12-20,132331963.77
2013-12-20,132331963.77
2013-12-27,131982123.39
2013-12-27,131982123.39
2013-12-31,143382896.50
2013-12-31,143264011.01
2013-12-31,142719664.62
2013-12-31,141972762.09
2013-12-31,141981955.68
2013-12-31,142157984.40
2014-01-03,142157984.40
2014-01-03,142157984.40
2014-01-03,142157984.40
2014-01-03,142157984.40
2014-01-03,142157984.40
2014-01-03,142157984.40
2014-01-10,140894456.60
2014-01-10,139967912.70
2014-01-10,139967912.70
2014-01-10,139967912.70
2014-01-24,139454835.43
2014-01-24,139129676.09
2014-01-24,138593944.81
2014-01-24,138593944.81
2014-01-24,138593944.81
2014-01-24,138593944.81
2014-01-31,138079297.40
2014-01-31,138179475.80
2014-01-31,138182479.66
2014-01-31,137956586.82
2014-01-31,137871545.09
2014-01-31,137581708.66
2014-01-31,137269853.75
2014-01-31,137269853.75
2014-01-31,137269853.75
2014-01-31,137269853.75
2014-01-31,137269853.75
2014-01-31,137269853.75
2014-01-31,137269853.75
2014-01-31,137269853.75
2014-02-07,140133213.79
2014-02-07,140133213.79
2014-02-21,140062635.91
2014-02-21,140062635.91
2014-02-28,140073550.26
2014-02-28,139889447.74
2014-02-28,139889447.74
2014-02-28,139889447.74
2014-03-28,139461028.42
2014-03-28,139461028.42
2014-04-11,138479234.94
2014-04-11,138569105.64
2014-04-11,138569105.64
2014-04-11,138569105.64
2014-04-18,138557374.03
2014-04-18,138557374.03
2014-05-23,141556286.02
2014-05-23,141556286.02
2014-07-11,137745269.26
2014-07-11,137667510.11
2014-07-11,137667510.11
2014-07-11,137667510.11
2014-07-18,138788303.25
2014-07-18,138788303.25
2014-07-31,137934600.93
2014-08-01,137934600.93
2014-08-08,138526580.45
2014-08-08,138526580.45
2014-08-22,138951496.99
2014-08-22,138951496.99
2014-08-29,140636663.00
2014-08-29,140636663.00
2014-09-05,148118619.47
2014-09-05,148118619.47
2014-09-26,149347237.08
2014-09-26,149347237.08
2014-09-30,148856651.45
2014-10-03,148856651.45
2014-10-17,151632730.39
2014-10-17,150505432.10
2014-10-17,150505432.10
2014-10-17,150505432.10
2014-10-31,152374703.66
2014-10-31,154037762.82
2014-10-31,154030312.72
2014-10-31,153403288.61
2014-10-31,153403288.61
2014-10-31,153403288.61
2014-10-31,153403288.61
2014-10-31,153403288.61
2014-11-21,152997899.14
2014-11-21,152034575.06
2014-11-21,152034575.06
2014-11-21,152034575.06
2014-11-28,151633437.55
2014-11-28,151633437.55
2014-11-30,156184773.74
2014-11-30,154975193.19
2014-11-30,154820678.90
2014-12-05,154820678.90
2014-12-05,154820678.90
2014-12-05,154820678.90
2014-12-12,156500329.16
2014-12-12,156419453.27
2014-12-12,156419453.27
2014-12-12,156419453.27
2014-12-19,156472375.34
2014-12-19,156472375.34
2014-12-31,154666966.76
2014-12-31,157656612.26
2015-01-02,157656612.26
2015-01-02,157656612.26
2015-01-09,159537489.73
2015-01-09,159309941.41
2015-01-09,159309941.41
2015-01-09,159309941.41
2015-01-31,158440178.11
2015-01-31,157903356.97
2015-02-06,157903356.97
2015-02-06,157903356.97
2015-02-20,156694185.26
2015-02-20,156694185.26
2015-03-20,156554262.22
2015-03-20,156554262.22
2015-03-31,157448383.41
2015-04-03,157448383.41
2015-04-30,159270103.55
2015-05-01,159270103.55
2015-05-31,158670649.19
2015-06-05,158670649.19
2015-06-12,175937474.98
2015-06-12,175937474.98
2015-06-26,176232658.58
2015-06-26,176232658.58
2015-06-30,175826215.11
2015-07-03,175826215.11
2015-07-17,177414365.72
2015-07-17,177414365.72
2015-07-24,176782873.98
2015-07-24,176782873.98
2015-07-31,187401724.54
2015-07-31,185992565.27
2015-07-31,185095069.70
2015-07-31,185095069.70
2015-07-31,185095069.70
2015-07-31,185095069.70
2015-08-14,184054348.50
2015-08-14,184054348.50
2015-08-21,187049650.78
2015-08-21,183734794.35
2015-08-21,185100315.53
2015-08-21,184682564.89
2015-08-21,184682564.89
2015-08-21,184682564.89
2015-08-21,184682564.89
2015-08-21,184682564.89
2015-08-31,190267751.00
2015-08-31,193531323.68
2015-08-31,193690761.75
2015-08-31,193178988.91
2015-09-04,213316545.85
2015-09-04,212648240.89
2015-09-04,211914993.20
2015-09-04,211914993.20
2015-09-04,211914993.20
2015-09-04,211914993.20
2015-09-04,211914993.20
2015-09-04,211914993.20
2015-09-04,211914993.20
2015-09-04,211914993.20
2015-09-11,211982109.71
2015-09-11,211982109.71
2015-09-30,213656024.07
2015-09-30,213808440.88
2015-10-02,213808440.88
2015-10-02,213808440.88
2015-10-23,212752673.36
2015-10-23,212752673.36
2015-10-31,216621136.18
2015-10-31,214460529.49
2015-10-31,213016519.43
2015-11-06,215718914.61
2015-11-06,215718914.61
2015-11-06,215718914.61
2015-11-06,215718914.61
2015-11-06,215718914.61
2015-11-13,214350331.33
2015-11-13,213238808.62
2015-11-13,213238808.62
2015-11-13,213238808.62
2015-11-27,214103929.64
2015-11-27,214103929.64
2015-11-30,213763463.22
2015-11-30,215265674.68
2015-12-04,215265674.68
2015-12-04,215265674.68
2015-12-11,218120852.66
2015-12-11,218120852.66
2015-12-31,220460328.67
2015-12-31,220160958.63
2015-12-31,220140473.88
2016-01-01,220140473.88
2016-01-01,220140473.88
2016-01-01,220140473.88
2016-01-22,219189095.18
2016-01-22,218163775.53
2016-01-22,217987075.39
2016-01-22,217987075.39
2016-01-22,217987075.39
2016-01-22,217987075.39
2016-01-31,222022906.92
2016-01-31,221426182.10
2016-01-31,219515570.24
2016-01-31,218225760.52
2016-02-05,218225760.52
2016-02-05,218225760.52
2016-02-05,218225760.52
2016-02-05,218225760.52
2016-02-12,220726473.02
2016-02-12,220726473.02
2016-02-29,219170490.89
2016-02-29,218536659.38
2016-02-29,217606075.38
2016-02-29,217799147.14
2016-02-29,217667413.39
2016-03-04,217667413.39
2016-03-04,217667413.39
2016-03-04,217667413.39
2016-03-04,217667413.39
2016-03-04,217667413.39
2016-03-31,218137112.96
2016-03-31,224904795.36
2016-03-31,224375319.57
2016-03-31,224288893.67
2016-04-01,225983763.63
2016-04-01,225983763.63
2016-04-01,225983763.63
2016-04-01,225983763.63
2016-04-01,225983763.63
2016-04-01,225983763.63
2016-04-22,225963048.56
2016-04-22,225963048.56
2016-04-30,225454736.45
2016-04-30,223696119.91
2016-04-30,223840202.32
2016-05-06,223840202.32
2016-05-06,223840202.32
2016-05-06,223840202.32
2016-05-20,223718915.42
2016-05-20,223718915.42
2016-05-27,222706247.08
2016-05-27,225146373.40
2016-05-27,225146373.40
2016-05-27,225146373.40
2016-05-31,230519957.76
2016-05-31,229655685.41
2016-06-03,229404669.62
2016-06-03,229404669.62
2016-06-03,229404669.62
2016-06-03,229404669.62
2016-06-17,228314233.86
2016-06-17,228708778.67
2016-06-17,228708778.67
2016-06-17,228708778.67
2016-06-24,228320895.66
2016-06-24,237131657.51
2016-06-24,233235934.46
2016-06-24,233024214.05
2016-06-24,232732706.73
2016-06-24,232732706.73
2016-06-24,232732706.73
2016-06-24,232732706.73
2016-06-24,232732706.73
2016-06-24,232732706.73
2016-06-30,230644214.19
2016-06-30,230344148.56
2016-06-30,229256735.42
2016-06-30,228918821.84
2016-06-30,228070109.39
2016-07-01,228070109.39
2016-07-01,228070109.39
2016-07-01,228070109.39
2016-07-01,228070109.39
2016-07-01,228070109.39
2016-07-08,229158312.04
2016-07-08,229158312.04
2016-07-29,228806446.75
2016-07-29,228806446.75
2016-08-26,229075177.16
2016-08-26,230082395.62
2016-08-26,230082395.62
2016-08-26,230082395.62
2016-08-31,227088933.34
2016-08-31,227539310.37
2016-09-02,227539310.37
2016-09-02,227539310.37
2016-09-09,227307917.25
2016-09-09,227307917.25
2016-09-30,227153284.37
2016-09-30,227788858.79
2016-09-30,227788858.79
2016-09-30,227788858.79
2016-10-14,233012001.18
2016-10-14,232767168.01
2016-10-14,232767168.01
2016-10-14,232767168.01
2016-10-21,233472985.71
2016-10-21,233472985.71
2016-10-28,232279861.96
2016-10-28,237414117.16
2016-10-28,237158620.69
2016-10-28,237158620.69
2016-10-28,237158620.69
2016-10-28,237158620.69
2016-10-31,236671465.29
2016-10-31,234839149.90
2016-10-31,233885748.70
2016-10-31,233705997.82
2016-10-31,231912252.97
2016-10-31,229536061.33
2016-10-31,227451212.43
2016-10-31,227159034.02
2016-10-31,226975457.92
2016-11-04,226245848.22
2016-11-04,226245848.22
2016-11-04,226245848.22
2016-11-04,226245848.22
2016-11-04,226245848.22
2016-11-04,226245848.22
2016-11-04,226245848.22
2016-11-04,226245848.22
2016-11-04,226245848.22
2016-11-04,226245848.22
2016-11-04,226245848.22
2016-11-25,225119727.86
2016-11-25,223804461.08
2016-11-25,223804461.08
2016-11-25,223804461.08
2016-11-30,224607552.13
2016-11-30,223413015.21
2016-11-30,222456779.79
2016-11-30,222246421.66
2016-12-02,220467654.03
2016-12-02,220467654.03
2016-12-02,220467654.03
2016-12-02,220467654.03
2016-12-02,220467654.03
2016-12-02,220467654.03
2016-12-23,219605202.20
2016-12-23,219605202.20
2016-12-30,218942946.26
2016-12-30,218942946.26
2016-12-31,218439878.69
2016-12-31,217516001.40
2016-12-31,217004805.97
2016-12-31,216985417.24
2017-01-06,216824922.16
2017-01-06,216824922.16
2017-01-06,216824922.16
2017-01-06,216824922.16
2017-01-06,216824922.16
2017-01-06,216824922.16
2017-01-13,216552544.44
2017-01-13,216150972.76
2017-01-13,216150972.76
2017-01-13,216150972.76
2017-01-20,215546907.49
2017-01-20,217379203.00
2017-01-20,216886887.34
2017-01-20,216886887.34
2017-01-20,216886887.34
2017-01-20,216886887.34
2017-01-31,216455008.51
2017-01-31,215358213.59
2017-01-31,214736069.06
2017-01-31,214716710.52
2017-02-03,214716710.52
2017-02-03,214716710.52
2017-02-03,214716710.52
2017-02-03,214716710.52
2017-02-10,214248655.80
2017-02-10,213702397.00
2017-02-10,213702397.00
2017-02-10,213702397.00
2017-02-17,215439748.04
2017-02-17,215439748.04
2017-02-24,214821862.22
2017-02-24,214821862.22
2017-02-28,214010253.47
2017-02-28,215267145.13
2017-02-28,214749656.34
2017-02-28,214426019.56
2017-02-28,213933215.33
2017-03-03,214479368.01
2017-03-03,214017128.63
2017-03-03,214017128.63
2017-03-03,214017128.63
2017-03-03,214017128.63
2017-03-03,214017128.63
2017-03-03,214017128.63
2017-03-03,214017128.63
2017-03-03,214017128.63
2017-03-10,213066496.74
2017-03-10,213066496.74
2017-03-17,212891845.73
2017-03-17,213009246.74
2017-03-17,213009246.74
2017-03-17,213009246.74
2017-03-24,215915641.82
2017-03-24,215182546.23
2017-03-24,215182546.23
2017-03-24,215182546.23
2017-03-31,214633732.38
2017-03-31,215085206.19
2017-03-31,214775007.13
2017-03-31,214775007.13
2017-03-31,214775007.13
2017-03-31,214775007.13
2017-04-28,213859332.40
2017-04-28,213859332.40
2017-04-30,212639810.68
2017-04-30,212269303.98
2017-05-05,212269303.98
2017-05-05,212269303.98
2017-05-12,211914130.78
2017-05-12,211914130.78
2017-05-19,212217881.00
2017-05-19,212217881.00
2017-05-26,212993544.06
2017-05-26,212721572.45
2017-05-26,213017984.81
2017-05-26,206963098.64
2017-05-26,206963098.64
2017-05-26,206963098.64
2017-05-26,206963098.64
2017-05-26,206963098.64
2017-05-31,206463823.40
2017-06-02,206463823.40
2017-06-23,206757889.57
2017-06-23,206757889.57
2017-06-30,206427052.61
2017-06-30,209271576.74
2017-06-30,208917187.32
2017-06-30,208869186.85
2017-06-30,208869186.85
2017-06-30,208869186.85
2017-06-30,208869186.85
2017-06-30,208869186.85
2017-07-14,208141377.76
2017-07-14,208141377.76
2017-07-21,211189639.38
2017-07-21,211189639.38
2017-07-28,210340932.18
2017-07-28,210340932.18
2017-08-04,209445273.74
2017-08-04,209925613.69
2017-08-04,209925613.69
2017-08-04,209925613.69
2017-08-11,209106703.24
2017-08-11,208561381.04
2017-08-11,208561381.04
2017-08-11,208561381.04
2017-08-31,208812962.06
2017-08-31,208320072.81
2017-09-01,208320072.81
2017-09-01,208320072.81
2017-09-08,207906603.28
2017-09-08,206906162.33
2017-09-08,210133642.70
2017-09-08,209737930.06
2017-09-08,209737930.06
2017-09-08,209737930.06
2017-09-08,209737930.06
2017-09-08,209737930.06
2017-09-22,208807250.16
2017-09-22,208139774.71
2017-09-22,207559063.34
2017-09-22,207559063.34
2017-09-22,207559063.34
2017-09-22,207559063.34
2017-09-29,207078144.79
2017-09-29,207078144.79
2017-09-30,204950382.62
2017-10-13,204950382.62
2017-10-27,204402216.62
2017-10-27,204402216.62
2017-10-31,204293152.55
2017-10-31,203699544.56
2017-11-03,207679427.33
2017-11-03,207679427.33
2017-11-03,207679427.33
2017-11-03,207679427.33
2017-11-10,207284224.60
2017-11-10,207284224.60
2017-11-17,207088807.57
2017-11-17,206426845.47
2017-11-17,205395858.79
2017-11-17,206862390.29
2017-11-17,206862390.29
2017-11-17,206862390.29
2017-11-17,206862390.29
2017-11-17,206862390.29
2017-11-30,207928195.27
2017-11-30,207606753.76
2017-11-30,207817111.07
2017-11-30,207046409.55
2017-11-30,206424658.25
2017-12-01,206506803.24
2017-12-01,206670675.37
2017-12-01,206670675.37
2017-12-01,206670675.37
2017-12-01,206670675.37
2017-12-01,206670675.37
2017-12-01,206670675.37
2017-12-01,206670675.37
2017-12-01,206670675.37
2017-12-08,205836953.33
2017-12-08,206631891.84
2017-12-08,206631891.84
2017-12-08,206631891.84
2017-12-22,210480939.89
2017-12-22,210480939.89
2017-12-29,209741638.70
2017-12-29,209741638.70
2017-12-31,209339628.46
2017-12-31,208509286.35
2017-12-31,208582026.34
2017-12-31,207761392.93
2017-12-31,207406788.47
2017-12-31,207387905.47
2018-01-05,206503590.93
2018-01-05,207232874.24
2018-01-05,207232874.24
2018-01-05,207232874.24
2018-01-05,207232874.24
2018-01-05,207232874.24
2018-01-05,207232874.24
2018-01-05,207232874.24
2018-01-05,207232874.24
2018-01-05,207232874.24
2018-01-19,206971743.21
2018-01-19,206971743.21
2018-01-31,207376722.34
2018-01-31,207546389.16
2018-02-02,207546389.16
2018-02-02,207546389.16
2018-02-09,209923063.28
2018-02-09,209923063.28
2018-02-16,208884973.16
2018-02-16,208505889.54
2018-02-16,207527474.86
2018-02-16,208137955.05
2018-02-16,208137955.05
2018-02-16,208137955.05
2018-02-16,208137955.05
2018-02-16,208137955.05
2018-02-23,207292802.08
2018-02-23,207292802.08
2018-03-23,206962878.40
2018-03-23,206962878.40
2018-03-31,208890636.19
2018-03-31,208275042.71
2018-03-31,207876022.25
2018-03-31,207415496.37
2018-03-31,205791411.18
2018-04-06,205791411.18
2018-04-06,205791411.18
2018-04-06,205791411.18
2018-04-06,205791411.18
2018-04-06,205791411.18
2018-04-20,229194618.22
2018-04-20,229194618.22
2018-04-27,229840430.19
2018-04-27,233316466.34
2018-04-27,231713564.22
2018-04-27,231713564.22
2018-04-27,231713564.22
2018-04-27,231713564.22
2018-04-30,230908999.41
2018-04-30,231154365.86
2018-05-04,231154365.86
2018-05-04,231154365.86
2018-05-11,231577814.67
2018-05-11,231577814.67
2018-05-18,231468257.62
2018-05-18,229527186.15
2018-05-18,229527186.15
2018-05-18,229527186.15
2018-05-31,231308674.70
2018-05-31,229941731.69
2018-06-01,230366046.52
2018-06-01,230366046.52
2018-06-01,230366046.52
2018-06-01,230366046.52
2018-06-22,229144958.03
2018-06-22,244729888.00
2018-06-22,244644012.17
2018-06-22,244644012.17
2018-06-22,244644012.17
2018-06-22,244644012.17
2018-06-29,243222889.57
2018-06-29,241633056.64
2018-06-29,241633056.64
2018-06-29,241633056.64
2018-06-30,239283162.69
2018-06-30,236959915.67
2018-07-06,235568295.20
2018-07-06,235632801.27
2018-07-06,235632801.27
2018-07-06,235632801.27
2018-07-06,235632801.27
2018-07-06,235632801.27
2018-07-13,234539649.09
2018-07-13,234539649.09
2018-07-31,254732757.35
2018-07-31,253825115.08
2018-07-31,253964677.60
2018-07-31,252716531.81
2018-07-31,250870563.85
2018-07-31,250497181.08
2018-07-31,249530008.79
2018-07-31,248608793.60
2018-08-03,248608793.60
2018-08-03,248608793.60
2018-08-03,248608793.60
2018-08-03,248608793.60
2018-08-03,248608793.60
2018-08-03,248608793.60
2018-08-03,248608793.60
2018-08-03,248608793.60
2018-08-10,247372459.58
2018-08-10,247372459.58
2018-08-31,247481497.44
2018-08-31,247676436.78
2018-08-31,247676436.78
2018-08-31,247676436.78
2018-09-07,247037771.50
2018-09-07,247037771.50
2018-09-28,249364217.80
2018-09-28,249364217.80
2018-09-30,248337006.16
2018-09-30,250173203.47
2018-09-30,249626653.14
2018-09-30,249601256.42
2018-09-30,249073811.85
2018-09-30,248987989.01
2018-10-05,249638003.23
2018-10-05,250076580.23
2018-10-05,250076580.23
2018-10-05,250076580.23
2018-10-05,250076580.23
2018-10-05,250076580.23
2018-10-05,250076580.23
2018-10-05,250076580.23
2018-10-05,250076580.23
2018-10-05,250076580.23
2018-10-12,250448521.39
2018-10-12,249987132.41
2018-10-12,248048837.75
2018-10-12,247509664.99
2018-10-12,247509664.99
2018-10-12,247509664.99
2018-10-12,247509664.99
2018-10-12,247509664.99
2018-10-19,246839588.22
2018-10-19,246416421.56
2018-10-19,246416421.56
2018-10-19,246416421.56
2018-10-26,242568407.48
2018-10-26,241268361.55
2018-10-26,241723197.05
2018-10-26,241107047.56
2018-10-26,239387274.52
2018-10-26,239387274.52
2018-10-26,239387274.52
2018-10-26,239387274.52
2018-10-26,239387274.52
2018-10-26,239387274.52
2018-10-31,256799976.40
2018-10-31,265443125.48
2018-10-31,265698064.64
2018-10-31,263178305.54
2018-10-31,260483727.32
2018-10-31,257414008.17
2018-10-31,257045248.92
2018-10-31,255281599.40
2018-10-31,254166796.63
2018-10-31,252435077.83
2018-10-31,250382000.17
2018-10-31,250132727.92
2018-11-02,248796875.27
2018-11-02,248796875.27
2018-11-02,248796875.27
2018-11-02,248796875.27
2018-11-02,248796875.27
2018-11-02,248796875.27
2018-11-02,248796875.27
2018-11-02,248796875.27
2018-11-02,248796875.27
2018-11-02,248796875.27
2018-11-02,248796875.27
2018-11-02,248796875.27
2018-11-02,248796875.27
2018-11-02,248796875.27
2018-11-16,248684361.15
2018-11-16,248684361.15
2018-11-30,248459255.52
2018-11-30,247551583.80
2018-11-30,245934830.19
2018-11-30,245687617.00
2018-11-30,244502597.96
2018-11-30,241491259.68
2018-11-30,241491259.68
2018-11-30,241491259.68
2018-11-30,241491259.68
2018-11-30,241491259.68
2018-11-30,241491259.68
2018-11-30,241491259.68
2018-12-21,239011084.91
2018-12-21,239484025.93
2018-12-21,239484025.93
2018-12-21,239484025.93
2018-12-28,238847494.25
2018-12-28,238224990.67
2018-12-28,236711885.71
2018-12-28,236711885.71
2018-12-28,236711885.71
2018-12-28,236711885.71
2018-12-31,235397144.99
2018-12-31,235045995.60
2018-12-31,233630819.40
2019-01-04,232819811.19
2019-01-04,232819811.19
2019-01-04,232819811.19
2019-01-04,232819811.19
2019-01-04,232819811.19
2019-01-18,235989092.81
2019-01-18,235989092.81
2019-01-31,235289421.17
2019-02-01,235289421.17
2019-02-28,241833736.43
2019-02-28,241836389.17
2019-02-28,241354786.55
2019-02-28,241026398.60
2019-03-01,239777570.61
2019-03-01,239777570.61
2019-03-01,239777570.61
2019-03-01,239777570.61
2019-03-01,239777570.61
2019-03-01,239777570.61
2019-03-08,239390395.66
2019-03-08,239299677.38
2019-03-08,239510370.78
2019-03-08,240332515.60
2019-03-08,240332515.60
2019-03-08,240332515.60
2019-03-08,240332515.60
2019-03-08,240332515.60
2019-03-22,239488997.48
2019-03-22,239488997.48
2019-03-29,239013743.83
2019-03-29,238326292.40
2019-03-29,238326292.40
2019-03-29,238326292.40
2019-03-31,237457946.11
2019-03-31,236702447.77
2019-03-31,236578577.80
2019-03-31,235682340.58
2019-04-05,235682340.58
2019-04-05,235682340.58
2019-04-05,235682340.58
2019-04-05,235682340.58
2019-04-30,235296369.64
2019-04-30,234597293.93
2019-04-30,233653695.06
2019-05-03,233653695.06
2019-05-03,233653695.06
2019-05-03,233653695.06
2019-05-10,233490090.58
2019-05-10,233490090.58
2019-05-17,233642336.22
2019-05-17,233642336.22
2019-05-24,233001198.50
2019-05-24,233001198.50
2019-06-21,233609381.22
2019-06-21,233609381.22
2019-06-28,233882784.25
2019-06-28,233882784.25
2019-07-05,234901909.22
2019-07-05,234901909.22
2019-07-12,235015244.81
2019-07-12,238822819.27
2019-07-12,238822819.27
2019-07-12,238822819.27
2019-07-19,241732263.12
2019-07-19,241732263.12
2019-07-26,239943580.63
2019-07-26,237710522.01
2019-07-26,236392559.81
2019-07-26,235365509.18
2019-07-26,232926007.78
2019-07-26,232926007.78
2019-07-26,232926007.78
2019-07-26,232926007.78
2019-07-26,232926007.78
2019-07-26,232926007.78
2019-07-31,235167223.08
2019-07-31,234763525.07
2019-07-31,233544740.78
2019-07-31,232776953.91
2019-07-31,232934968.27
2019-07-31,232675619.27
2019-08-02,231802683.66
2019-08-02,231802683.66
2019-08-02,231802683.66
2019-08-02,231802683.66
2019-08-02,231802683.66
2019-08-02,231802683.66
2019-08-02,231802683.66
2019-08-02,231802683.66
2019-08-09,231542891.01
2019-08-09,230712539.66
2019-08-09,230443367.04
2019-08-09,230443367.04
2019-08-09,230443367.04
2019-08-09,230443367.04
2019-08-16,229725659.11
2019-08-16,229725659.11
2019-08-23,229416096.67
2019-08-23,228346994.20
2019-08-23,227465490.71
2019-08-23,227465490.71
2019-08-23,227465490.71
2019-08-23,227465490.71
2019-08-30,226853775.80
2019-08-30,226501492.80
2019-08-30,226032122.33
2019-08-30,226032122.33
2019-08-30,226032122.33
2019-08-30,226032122.33
2019-08-31,225296082.09
2019-08-31,224592349.06
2019-08-31,224055982.43
2019-09-06,224055982.43
2019-09-06,224055982.43
2019-09-06,224055982.43
2019-09-13,222642905.79
2019-09-13,222642905.79
2019-09-30,222230676.58
2019-09-30,221384798.91
2019-09-30,218703075.94
2019-09-30,218364193.95
2019-10-04,217819735.73
2019-10-04,217819735.73
2019-10-04,217819735.73
2019-10-04,217819735.73
2019-10-04,217819735.73
2019-10-04,217819735.73
2019-10-18,215641179.71
2019-10-18,216502233.18
2019-10-18,216652217.60
2019-10-18,216652217.60
2019-10-18,216652217.60
2019-10-18,216652217.60
2019-10-31,216471213.76
2019-10-31,213969860.67
2019-10-31,213251261.86
2019-10-31,212477823.93
2019-11-01,212477823.93
2019-11-01,212477823.93
2019-11-01,212477823.93
2019-11-01,212477823.93
2019-11-15,213876780.10
2019-11-15,213876780.10
2019-11-22,214050865.62
2019-11-22,214050865.62
2019-11-30,212393453.82
2019-11-30,211634736.51
2019-11-30,211124702.63
2019-12-06,211124702.63
2019-12-06,211124702.63
2019-12-06,211124702.63
2019-12-13,210824838.93
2019-12-13,210824838.93
2019-12-31,209895739.90
2020-01-03,209895739.90
2020-01-10,206624989.28
2020-01-10,205938194.47
2020-01-10,205938194.47
2020-01-10,205938194.47
2020-01-31,204900321.09
2020-01-31,204211851.58
2020-01-31,203974611.42
2020-01-31,203856784.98
2020-01-31,203270269.37
2020-01-31,209372372.12
2020-01-31,208858795.88
2020-01-31,207701575.68
2020-01-31,208366451.56
2020-01-31,208057035.81
2020-01-31,208288806.59
2020-01-31,207809782.23
2020-01-31,207809782.23
2020-01-31,207809782.23
2020-01-31,207809782.23
2020-01-31,207809782.23
2020-01-31,207809782.23
2020-01-31,207809782.23
2020-01-31,207809782.23
2020-01-31,207809782.23
2020-01-31,207809782.23
2020-01-31,207809782.23
2020-01-31,207809782.23
2020-01-31,207809782.23
2020-02-21,208034096.92
2020-02-21,207749867.81
2020-02-21,207749867.81
2020-02-21,207749867.81
2020-02-28,208429857.69
2020-02-28,207591469.97
2020-02-28,209489757.38
2020-02-28,210600380.81
2020-02-28,209967688.00
2020-02-28,208511144.70
2020-02-28,208511144.70
2020-02-28,208511144.70
2020-02-28,208511144.70
2020-02-28,208511144.70
2020-02-28,208511144.70
2020-02-28,208511144.70
2020-02-29,212588620.11
2020-02-29,211386703.40
2020-03-06,211386703.40
2020-03-06,211386703.40
2020-03-13,208927931.67
2020-03-13,207640285.21
2020-03-13,206024789.89
2020-03-13,203866241.39
2020-03-13,203373061.17
2020-03-13,199947593.21
2020-03-13,196998071.04
2020-03-13,195199801.66
2020-03-13,193557981.71
2020-03-13,191428127.96
2020-03-13,190171445.28
2020-03-13,189545564.87
2020-03-13,189545564.87
2020-03-13,189545564.87
2020-03-13,189545564.87
2020-03-13,189545564.87
2020-03-13,189545564.87
2020-03-13,189545564.87
2020-03-13,189545564.87
2020-03-13,189545564.87
2020-03-13,189545564.87
2020-03-13,189545564.87
2020-03-13,189545564.87
2020-03-13,189545564.87
2020-03-20,188919749.41
2020-03-20,188549270.89
2020-03-20,186437253.70
2020-03-20,181788431.40
2020-03-20,180422379.31
2020-03-20,179380769.55
2020-03-20,177847470.11
2020-03-20,177847470.11
2020-03-20,177847470.11
2020-03-20,177847470.11
2020-03-20,177847470.11
2020-03-20,177847470.11
2020-03-20,177847470.11
2020-03-20,177847470.11
2020-03-27,178162418.45
2020-03-27,178787992.82
2020-03-27,178787992.82
2020-03-27,178787992.82
2020-03-31,178800803.21
2020-03-31,175908140.87
2020-03-31,172588143.53
2020-03-31,170199592.71
2020-03-31,169612345.78
2020-03-31,169182819.25
2020-04-03,168795537.53
2020-04-03,168795537.53
2020-04-03,168795537.53
2020-04-03,168795537.53
2020-04-03,168795537.53
2020-04-03,168795537.53
2020-04-03,168795537.53
2020-04-03,168795537.53
2020-04-30,169591081.64
2020-04-30,168847742.24
2020-05-01,167886884.66
2020-05-01,167886884.66
2020-05-01,167886884.66
2020-05-01,167886884.66
2020-05-29,167169656.28
2020-05-29,167169656.28
2020-05-31,165888752.65
2020-06-05,165888752.65
2020-06-12,164478252.53
2020-06-12,164478252.53
2020-06-19,164526724.87
2020-06-19,164526724.87
2020-06-26,163996736.62
2020-06-26,163996736.62
2020-06-30,163188437.72
2020-07-03,163188437.72
2020-07-31,162199877.78
2020-07-31,160032616.24
2020-07-31,160032616.24
2020-07-31,160032616.24
2020-08-07,159792021.70
2020-08-07,159792021.70
2020-08-21,162931940.43
2020-08-21,163635575.84
2020-08-21,163635575.84
2020-08-21,163635575.84
2020-09-04,166253137.92
2020-09-04,168542916.49
2020-09-04,168542916.49
2020-09-04,168542916.49
2020-09-25,167503965.05
2020-09-25,167135389.35
2020-09-25,168606406.68
2020-09-25,175478518.57
2020-09-25,177336397.34
2020-09-25,177336397.34
2020-09-25,177336397.34
2020-09-25,177336397.34
2020-09-25,177336397.34
2020-09-25,177336397.34
2020-10-23,179623183.13
2020-10-23,179623183.13
2020-10-30,179465633.42
2020-10-30,179465633.42
2020-10-31,177385018.74
2020-10-31,176753302.65
2020-11-06,176753302.65
2020-11-06,176753302.65
2020-11-30,176575012.33
2020-12-04,176575012.33
2021-01-31,178403676.67
2021-01-31,175898042.99
2021-01-31,173522928.05
2021-01-31,172339986.66
2021-02-05,172339986.66
2021-02-05,172339986.66
2021-02-05,172339986.66
2021-02-05,172339986.66
2021-02-12,172449525.60
2021-02-12,172449525.60
2021-02-26,171732838.96
2021-02-26,174358623.31
2021-02-26,174358623.31
2021-02-26,174358623.31
2021-02-28,177512354.76
2021-03-05,181929265.97
2021-03-05,181929265.97
2021-03-05,181929265.97
2021-03-31,189817065.73
2021-04-02,189817065.73
2021-04-30,189008756.80
2021-04-30,189008756.80
2021-06-30,191751291.29
2021-07-02,191751291.29
2021-07-31,195578947.24
2021-07-31,197037804.06
2021-08-06,197037804.06
2021-08-06,197037804.06
2021-08-13,199603190.72
2021-08-13,203057893.69
2021-08-13,203057893.69
2021-08-13,203057893.69
2021-08-20,203315117.40
2021-08-20,201093997.04
2021-08-20,211705216.99
2021-08-20,210733486.83
2021-08-20,216106640.33
2021-08-20,213950910.33
2021-08-20,213950910.33
2021-08-20,213950910.33
2021-08-20,213950910.33
2021-08-20,213950910.33
2021-08-20,213950910.33
2021-08-20,213950910.33
2021-08-31,212261395.33
2021-09-03,212261395.33
2021-09-24,211683654.29
2021-09-24,211683654.29
2021-09-30,219019412.21
2021-09-30,226183519.67
2021-09-30,231668790.92
2021-09-30,233493203.93
2021-09-30,241731880.29
2021-10-01,246596888.26
2021-10-01,246596888.26
2021-10-01,246596888.26
2021-10-01,246596888.26
2021-10-01,246596888.26
2021-10-01,246596888.26
2021-10-01,246596888.26
2021-10-08,244431947.01
2021-10-08,243204651.49
2021-10-08,243325927.45
2021-10-08,243325927.45
2021-10-08,243325927.45
2021-10-08,243325927.45
2021-10-29,242888691.32
2021-10-29,242888691.32
2021-10-31,244931043.72
2021-10-31,261047730.02
2021-10-31,262425486.87
2021-10-31,261520042.48
2021-10-31,260707860.57
2021-10-31,260668575.17
2021-11-05,260712263.60
2021-11-05,259638624.00
2021-11-05,259638624.00
2021-11-05,259638624.00
2021-11-05,259638624.00
2021-11-05,259638624.00
2021-11-05,259638624.00
2021-11-05,259638624.00
2021-11-05,259638624.00
2021-11-05,259638624.00
2021-11-19,256285782.32
2021-11-19,256285782.32
2021-11-26,255375532.03
2021-11-26,253575692.45
2021-11-26,249560956.27
2021-11-26,249196867.70
2021-11-26,249196867.70
2021-11-26,249196867.70
2021-11-26,249196867.70
2021-11-26,249196867.70
2021-11-30,248592705.26
2021-11-30,247617934.37
2021-11-30,252622963.52
2021-11-30,248835457.17
2021-11-30,247861005.03
2021-11-30,246680735.48
2021-11-30,243853453.10
2021-11-30,243462356.30
2021-12-03,243201053.32
2021-12-03,242700334.38
2021-12-03,242700334.38
2021-12-03,242700334.38
2021-12-03,242700334.38
2021-12-03,242700334.38
2021-12-03,242700334.38
2021-12-03,242700334.38
2021-12-03,242700334.38
2021-12-03,242700334.38
2021-12-03,242700334.38
2021-12-03,242700334.38
2021-12-17,240571639.15
2021-12-17,287574988.55
2021-12-17,287533197.59
2021-12-17,287533197.59
2021-12-17,287533197.59
2021-12-17,287533197.59
2021-12-24,286781283.65
2021-12-24,286781283.65
2021-12-31,285277379.43
2021-12-31,283980735.42
2021-12-31,283750654.60
2021-12-31,283536609.89
2021-12-31,282785938.77
2021-12-31,280039191.32
2021-12-31,278375791.38
2021-12-31,278375791.38
2021-12-31,278375791.38
2021-12-31,278375791.38
2021-12-31,278375791.38
2021-12-31,278375791.38
2021-12-31,278375791.38
2021-12-31,278375791.38
2022-01-07,277058989.11
2022-01-07,276327518.59
2022-01-07,276327518.59
2022-01-07,276327518.59
2022-01-21,274754959.18
2022-01-21,274754959.18
2022-01-28,274748934.04
2022-01-28,274748934.04
2022-01-31,274011650.90
2022-01-31,272078168.57
2022-01-31,272253839.31
2022-01-31,271877222.58
2022-01-31,271513754.17
2022-01-31,271087720.90
2022-01-31,270632168.02
2022-01-31,268927670.42
2022-01-31,266220070.02
2022-01-31,264798250.34
2022-01-31,264001504.84
2022-01-31,262359254.43
2022-02-04,262359254.43
2022-02-04,262359254.43
2022-02-04,262359254.43
2022-02-04,262359254.43
2022-02-04,262359254.43
2022-02-04,262359254.43
2022-02-04,262359254.43
2022-02-04,262359254.43
2022-02-04,262359254.43
2022-02-04,262359254.43
2022-02-04,262359254.43
2022-02-04,262359254.43
2022-02-11,261782349.30
2022-02-11,261782349.30
2022-02-25,261446513.22
2022-02-25,260325315.96
2022-02-25,259645221.45
2022-02-25,260142848.45
2022-02-25,260142848.45
2022-02-25,260142848.45
2022-02-25,260142848.45
2022-02-25,260142848.45
2022-02-28,260985913.47
2022-02-28,258797827.42
2022-02-28,257590754.96
2022-02-28,257565147.03
2022-02-28,256561878.71
2022-03-04,256561878.71
2022-03-04,256561878.71
2022-03-04,256561878.71
2022-03-04,256561878.71
2022-03-04,256561878.71
2022-03-11,255514503.94
2022-03-11,254819496.01
2022-03-11,254819496.01
2022-03-11,254819496.01
2022-03-31,254691407.06
2022-04-01,253509870.13
2022-04-01,253509870.13
2022-04-01,253509870.13
2022-04-08,252998507.20
2022-04-08,252998507.20
2022-04-29,255579994.23
2022-04-29,256499152.45
2022-04-29,256499152.45
2022-04-29,256499152.45
2022-04-30,255984477.22
2022-04-30,255420219.49
2022-04-30,256013464.34
2022-04-30,255980917.95
2022-05-06,255980917.95
2022-05-06,255980917.95
2022-05-06,255980917.95
2022-05-06,255980917.95
2022-05-20,258170118.42
2022-05-20,260470235.23
2022-05-20,260470235.23
2022-05-20,260470235.23
2022-05-27,260298975.86
2022-05-27,259256124.03
2022-05-27,259256124.03
2022-05-27,259256124.03
2022-05-31,259096847.96
2022-05-31,258373304.30
2022-05-31,257544057.52
2022-06-03,257544057.52
2022-06-03,257544057.52
2022-06-03,257544057.52
2022-06-17,256531740.79
2022-06-17,255119698.26
2022-06-17,253847303.76
2022-06-17,253184564.97
2022-06-17,252070184.00
2022-06-17,251624918.53
2022-06-17,249610404.70
2022-06-17,249936369.24
2022-06-17,249936369.24
2022-06-17,249936369.24
2022-06-17,249936369.24
2022-06-17,249936369.24
2022-06-17,249936369.24
2022-06-17,249936369.24
2022-06-17,249936369.24
2022-06-17,249936369.24
2022-06-24,248139308.98
2022-06-24,246619798.37
2022-06-24,245363345.09
2022-06-24,243997703.90
2022-06-24,243997703.90
2022-06-24,243997703.90
2022-06-24,243997703.90
2022-06-24,243997703.90
2022-06-30,248866049.18
2022-06-30,249133113.38
2022-06-30,248825935.83
2022-06-30,247094943.92
2022-06-30,244622315.89
2022-06-30,243159002.44
2022-06-30,240798615.14
2022-06-30,238235328.13
2022-06-30,236703443.17
2022-06-30,234538025.35
2022-07-01,234538025.35
2022-07-01,234538025.35
2022-07-01,234538025.35
2022-07-01,234538025.35
2022-07-01,234538025.35
2022-07-01,234538025.35
2022-07-01,234538025.35
2022-07-01,234538025.35
2022-07-01,234538025.35
2022-07-01,234538025.35
2022-07-08,233674388.51
2022-07-08,232573536.68
2022-07-08,232573536.68
2022-07-08,232573536.68
2022-07-15,230963986.94
2022-07-15,229527220.18
2022-07-15,229527220.18
2022-07-15,229527220.18
2022-07-31,227853607.87
2022-07-31,226695048.73
2022-07-31,226069470.37
2022-07-31,225620227.32
2022-08-05,225620227.32
2022-08-05,225620227.32
2022-08-05,225620227.32
2022-08-05,225620227.32
2022-08-12,224023789.35
2022-08-12,224510302.56
2022-08-12,224510302.56
2022-08-12,224510302.56
2022-08-19,226238204.11
2022-08-19,226238204.11
2022-08-26,226062997.20
2022-08-26,226062997.20
2022-08-31,225600878.30
2022-08-31,224022495.11
2022-08-31,223057634.47
2022-08-31,223037111.34
2022-08-31,222644450.36
2022-08-31,221633478.11
2022-09-02,220999254.20
2022-09-02,220999254.20
2022-09-02,220999254.20
2022-09-02,220999254.20
2022-09-02,220999254.20
2022-09-02,220999254.20
2022-09-02,220999254.20
2022-09-02,220999254.20
2022-09-09,220858900.67
2022-09-09,220125312.00
2022-09-09,220125312.00
2022-09-09,220125312.00
2022-09-16,219284480.27
2022-09-16,219284480.27
2022-09-23,218836822.74
2022-09-23,218836822.74
2022-09-30,215927460.41
2022-09-30,213553405.20
2022-09-30,212121580.92
2022-09-30,208592234.93
2022-09-30,207450773.06
2022-09-30,205449530.09
2022-09-30,204556763.49
2022-09-30,202242025.06
2022-09-30,202278624.34
2022-09-30,201181285.66
2022-09-30,201322982.33
2022-09-30,201322982.33
2022-09-30,201322982.33
2022-09-30,201322982.33
2022-09-30,201322982.33
2022-09-30,201322982.33
2022-09-30,201322982.33
2022-09-30,201322982.33
2022-09-30,201322982.33
2022-09-30,201322982.33
2022-09-30,201322982.33
2022-09-30,201322982.33
2022-10-07,200567898.20
2022-10-07,200152857.45
2022-10-07,200152857.45
2022-10-07,200152857.45
2022-10-28,199992732.98
2022-10-28,199992732.98
2022-10-31,198118161.32
2022-10-31,197295658.57
2022-10-31,196114726.40
2022-10-31,195748926.43
2022-10-31,195156093.08
2022-10-31,194313294.39
2022-11-04,193685665.66
2022-11-04,193685665.66
2022-11-04,193685665.66
2022-11-04,193685665.66
2022-11-04,193685665.66
2022-11-04,193685665.66
2022-11-04,193685665.66
2022-11-04,193685665.66
2022-11-30,190022336.33
2022-11-30,189814176.97
2022-11-30,189771430.42
2022-12-02,189771430.42
2022-12-02,189771430.42
2022-12-02,189771430.42
2022-12-09,193615859.30
2022-12-09,193772438.53
2022-12-09,193772438.53
2022-12-09,193772438.53
2022-12-23,192052868.84
2022-12-23,191239173.40
2022-12-23,191239173.40
2022-12-23,191239173.40
2022-12-30,190920333.28
2022-12-30,190952328.92
2022-12-30,190399840.09
2022-12-30,190399840.09
2022-12-30,190399840.09
2022-12-30,190399840.09
2022-12-31,190412671.04
2022-12-31,189787011.10
2023-01-06,189656591.21
2023-01-06,189308355.50
2023-01-06,188919443.07
2023-01-06,188919443.07
2023-01-06,188919443.07
2023-01-06,188919443.07
2023-01-06,188919443.07
2023-01-06,188919443.07
2023-01-31,188000810.13
2023-01-31,187837432.38
2023-01-31,187777151.49
2023-01-31,185864531.78
2023-01-31,185248954.72
2023-02-03,185248954.72
2023-02-03,185248954.72
2023-02-03,185248954.72
2023-02-03,185248954.72
2023-02-03,185248954.72
2023-02-24,184059167.43
2023-02-24,184059167.43
2023-02-28,183434696.08
2023-02-28,184176998.22
2023-02-28,183822653.65
2023-03-03,182990006.59
2023-03-03,182990006.59
2023-03-03,182990006.59
2023-03-03,182990006.59
2023-03-03,182990006.59
2023-03-10,182415741.27
2023-03-10,182415741.27
2023-03-17,181617642.56
2023-03-17,181617642.56
2023-03-31,180477055.48
2023-03-31,179093383.94
2023-03-31,177674556.46
2023-03-31,177082102.49
2023-03-31,177082102.49
2023-03-31,177082102.49
2023-03-31,177082102.49
2023-03-31,177082102.49
2023-04-28,181918888.19
2023-04-28,181064836.35
2023-04-28,181064836.35
2023-04-28,181064836.35
2023-04-30,187730612.52
2023-04-30,186561086.96
2023-05-05,186434780.85
2023-05-05,186434780.85
2023-05-05,186434780.85
2023-05-05,186434780.85
2023-05-19,187515850.82
2023-05-19,187515850.82
2023-05-26,189698924.33
2023-05-26,188811347.24
2023-05-26,188811347.24
2023-05-26,188811347.24
2023-05-31,186867153.79
2023-06-02,186867153.79
2023-06-16,186346943.16
2023-06-16,185876797.54
2023-06-16,185876797.54
2023-06-16,185876797.54
2023-06-30,184465157.21
2023-06-30,185051072.98
2023-06-30,185052773.87
2023-06-30,185052773.87
2023-06-30,185052773.87
2023-06-30,185052773.87
2023-07-07,184403931.71
2023-07-07,184132338.13
2023-07-07,184132338.13
2023-07-07,184132338.13
2023-07-21,185214677.81
2023-07-21,185214677.81
2023-07-28,184332955.05
2023-07-28,184332955.05
2023-07-31,185338782.44
2023-07-31,184380055.42
2023-07-31,183502366.21
2023-08-04,183238920.30
2023-08-04,183238920.30
2023-08-04,183238920.30
2023-08-04,183238920.30
2023-08-04,183238920.30
2023-08-11,182906952.63
2023-08-11,182906952.63
2023-08-18,181242031.28
2023-08-18,180353065.43
2023-08-18,178800438.27
2023-08-18,178418422.65
2023-08-18,178971896.87
2023-08-18,178971896.87
2023-08-18,178971896.87
2023-08-18,178971896.87
2023-08-18,178971896.87
2023-08-18,178971896.87
2023-08-25,178553184.31
2023-08-25,178641301.25
2023-08-25,178641301.25
2023-08-25,178641301.25
2023-08-31,180609384.37
2023-08-31,179658595.13
2023-09-01,179709969.87
2023-09-01,179709969.87
2023-09-01,179709969.87
2023-09-01,179709969.87
2023-09-08,180552734.84
2023-09-08,179131871.08
2023-09-08,179131871.08
2023-09-08,179131871.08
2023-09-22,179271930.47
2023-09-22,179271930.47
2023-09-30,182312891.18
2023-09-30,180976625.72
2023-09-30,180233489.74
2023-10-06,180091904.71
2023-10-06,179725569.83
2023-10-06,179228522.00
2023-10-06,179228522.00
2023-10-06,179228522.00
2023-10-06,179228522.00
2023-10-06,179228522.00
2023-10-06,179228522.00
2023-10-06,179228522.00
2023-10-13,178807421.57
2023-10-13,178807421.57
2023-10-20,177390797.89
2023-10-20,180937229.81
2023-10-20,180937229.81
2023-10-20,180937229.81
2023-10-27,179530952.50
2023-10-27,179530952.50
2023-10-31,183559434.28
2023-10-31,182525841.29
2023-10-31,181964103.70
2023-10-31,181435847.81
2023-10-31,181452569.15
2023-10-31,181419985.96
2023-11-03,181421639.03
2023-11-03,181421639.03
2023-11-03,181421639.03
2023-11-03,181421639.03
2023-11-03,181421639.03
2023-11-03,181421639.03
2023-11-03,181421639.03
2023-11-03,181421639.03
2023-11-10,179513628.48
2023-11-10,179513628.48
2023-11-17,179013180.63
2023-11-17,178515759.73
2023-11-17,178515759.73
2023-11-17,178515759.73
2023-11-30,178316385.74
2023-11-30,176027827.97
2023-11-30,175998664.46
2023-12-01,175998664.46
2023-12-01,175998664.46
2023-12-01,175998664.46
2023-12-08,175673041.99
2023-12-08,175673041.99
2023-12-15,176056890.12
2023-12-15,175546286.62
2023-12-15,175546286.62
2023-12-15,175546286.62
2023-12-29,175847305.76
2023-12-29,175505191.92
2023-12-29,175505191.92
2023-12-29,175505191.92
2023-12-31,175418391.32
2024-01-05,175326447.31
2024-01-05,175490676.99
2024-01-05,175579047.89
2024-01-05,175100588.95
2024-01-05,175100588.95
2024-01-05,175100588.95
2024-01-05,175100588.95
2024-01-05,175100588.95
2024-01-05,175100588.95
2024-01-12,177135413.55
2024-01-12,177135413.55
2024-01-19,177070867.32
2024-01-19,176908949.00
2024-01-19,175687595.67
2024-01-19,175687595.67
2024-01-19,175687595.67
2024-01-19,175687595.67
2024-01-26,174855416.88
2024-01-26,174855416.88
2024-01-31,332514578.73
2024-01-31,331667629.33
2024-01-31,331526302.33
2024-01-31,331149400.27
2024-01-31,331022055.16
2024-01-31,330575734.26
2024-01-31,329344660.48
2024-02-02,329344660.48
2024-02-02,329344660.48
2024-02-02,329344660.48
2024-02-02,329344660.48
2024-02-02,329344660.48
2024-02-02,329344660.48
2024-02-02,329344660.48
2024-02-09,334408403.60
2024-02-09,334408403.60
2024-02-16,335089724.89
2024-02-16,335089724.89
2024-02-29,333810852.33
2024-02-29,332449372.13
2024-03-01,331927600.86
2024-03-01,331516147.69
2024-03-01,331516147.69
2024-03-01,331516147.69
2024-03-01,331516147.69
2024-03-01,331516147.69
2024-03-31,332630127.00
2024-03-31,332752396.88
2024-03-31,331154221.26
2024-04-05,331967424.95
2024-04-05,331967424.95
2024-04-05,331967424.95
2024-04-05,331967424.95
2024-04-05,331967424.95
2024-04-12,332309061.90
2024-04-12,332309061.90
2024-04-19,330308685.68
2024-04-19,328972129.02
2024-04-19,326994911.86
2024-04-19,326994911.86
2024-04-19,326994911.86
2024-04-19,326994911.86
2024-04-26,327130371.22
2024-04-26,327130371.22
2024-04-30,324994988.17
2024-04-30,324281830.43
2024-04-30,323884398.00
2024-05-03,323884398.00
2024-05-03,323884398.00
2024-05-03,323884398.00
2024-05-24,326007241.97
2024-05-24,326007241.97
2024-05-31,323868374.33
2024-05-31,323868374.33
2024-06-28,324031499.94
2024-06-28,331169835.93
2024-06-28,331169835.93
2024-06-28,331169835.93
2024-06-30,330308784.88
2024-07-05,330308784.88
2024-07-19,330843161.63
2024-07-19,330193692.92
2024-07-19,330193692.92
2024-07-19,330193692.92
2024-07-26,329133792.92
2024-07-26,329133792.92
2024-07-31,329595852.95
2024-08-02,329595852.95
2024-08-16,327459773.96
2024-08-16,327459773.96
2024-08-31,322263423.21
2024-08-31,319365852.63
2024-08-31,317886525.37
2024-08-31,315836472.36
2024-09-06,317555057.96
2024-09-06,318023777.47
2024-09-06,318023777.47
2024-09-06,318023777.47
2024-09-06,318023777.47
2024-09-06,318023777.47
2024-09-06,318023777.47
2024-09-06,318023777.47
2024-09-20,317745690.57
2024-09-20,317745690.57
2024-09-30,319908689.00
2024-09-30,319101121.76
2024-10-04,319101121.76
2024-10-04,319101121.76
2024-10-11,318680803.49
2024-10-11,318858563.52
2024-10-11,318858563.52
2024-10-11,318858563.52
2024-10-18,318376058.73
2024-10-18,317802033.85
2024-10-18,316165364.53
2024-10-18,316165364.53
2024-10-18,316165364.53
2024-10-18,316165364.53
2024-10-25,315510595.80
2024-10-25,315510595.80
2024-10-31,314362912.42
2024-10-31,311716187.23
2024-10-31,310956282.79
2024-11-01,312409891.65
2024-11-01,312409891.65
2024-11-01,312409891.65
2024-11-01,312409891.65
2024-11-01,312409891.65
2024-11-08,312204115.91
2024-11-08,312204115.91
2024-11-15,311901901.66
2024-11-15,309016028.54
2024-11-15,308014659.05
2024-11-15,308014659.05
2024-11-15,308014659.05
2024-11-15,308014659.05
2024-11-30,308844832.85
2024-11-30,308496551.30
2024-11-30,307181047.90
2024-12-06,306774160.37
2024-12-06,306110726.31
2024-12-06,306110726.31
2024-12-06,306110726.31
2024-12-06,306110726.31
2024-12-06,306110726.31
2024-12-06,306110726.31
2024-12-13,308998678.96
2024-12-13,308998678.96
2024-12-27,308212302.05
2024-12-27,308365706.28
2024-12-27,308365706.28
2024-12-27,308365706.28
2024-12-31,307156316.98
2024-12-31,307340943.86
2025-01-03,307340943.86
2025-01-03,307340943.86
2025-01-10,313624004.79
2025-01-10,314269338.87
2025-01-10,314269338.87
2025-01-10,314269338.87
2025-01-17,313929869.16
2025-01-17,312964322.34
2025-01-17,312964322.34
2025-01-17,312964322.34
2025-01-24,311705201.61
2025-01-24,311705201.61
2025-01-31,311030741.56
2025-01-31,309818733.67
2025-01-31,309032227.03
2025-01-31,309032227.03
2025-01-31,309032227.03
2025-01-31,309032227.03
2025-02-14,308567386.97
2025-02-14,308567386.97
2025-02-28,308714639.59
2025-02-28,309412118.69
2025-02-28,309412118.69
2025-02-28,309412118.69
2025-03-21,308854649.31
2025-03-21,308412892.96
2025-03-21,308412892.96
2025-03-21,308412892.96
2025-03-28,304402383.86
2025-03-28,304402383.86
2025-03-31,309461092.07
2025-03-31,314134014.12
2025-03-31,316253145.14
2025-03-31,321985889.32
2025-03-31,320686164.74
2025-04-04,320291577.78
2025-04-04,320291577.78
2025-04-04,320291577.78
2025-04-04,320291577.78
2025-04-04,320291577.78
2025-04-04,320291577.78
2025-04-04,320291577.78
2025-04-30,316724121.35
2025-04-30,316588658.50
2025-05-02,323357344.48
2025-05-02,323357344.48
2025-05-02,323357344.48
2025-05-02,323357344.48
2025-05-09,323736928.64
2025-05-09,323433936.50
2025-05-09,323433936.50
2025-05-09,323433936.50
2025-05-16,323458779.58
2025-05-16,323458779.58
2025-06-30,322532027.94
2025-07-04,322532027.94
2025-07-31,321842109.43
2025-07-31,320765844.17
2025-07-31,319129387.32
2025-08-01,319243859.35
2025-08-01,323335958.12
2025-08-01,323335958.12
2025-08-01,323335958.12
2025-08-01,323335958.12
2025-08-01,323335958.12
2025-08-01,323335958.12
2025-08-15,323307360.78
2025-08-15,323307360.78
2025-08-22,335460781.54
2025-08-22,341418572.65
2025-08-22,344995819.31
2025-08-22,344995819.31
2025-08-22,344995819.31
2025-08-22,344995819.31
2025-08-29,343918509.03
2025-08-29,344642403.43
2025-08-29,344642403.43
2025-08-29,344642403.43
2025-08-31,345761494.82
2025-09-05,345538634.39
2025-09-05,345538634.39
2025-09-05,345538634.39
2025-09-26,344227455.09
2025-09-26,344227455.09
2025-10-10,347384923.28
2025-10-10,347384923.28
2025-10-17,349075850.51
2025-10-17,348136954.05
2025-10-17,348136954.05
2025-10-17,348136954.05
2025-10-31,346901068.63
2025-10-31,344451753.40
2025-10-31,347949449.24
2025-10-31,347949449.24
2025-10-31,347949449.24
2025-10-31,347949449.24
2025-11-21,346340706.87
2025-11-21,346099844.70
2025-11-21,346099844.70
2025-11-21,346099844.70
2025-11-28,337266572.00
2025-11-28,337266572.00
2025-11-30,334531678.63
2025-12-05,334531678.63
2025-12-19,334212401.53
2025-12-31,341300516.06
2025-12-31,336564946.96
2026-01-02,335678921.25
2026-01-09,334751008.29
2026-03-27,335200740.18
2026-03-31,393077884.33
2026-03-31,395529447.06
2026-05-22,777121406.57
