date,cash,mtm_holdings,equity,weekly_return
2009-01-02,0.0,9998500.224966267,9998500.224966267,
2009-01-09,0.0,10608238.602333415,10608238.602333415,0.06098298381237521
2009-01-16,0.0,10173702.177834691,10173702.177834691,-0.04096216542519526
2009-01-23,0.0,10001812.075709466,10001812.075709466,-0.016895531156762233
2009-01-30,0.0,10434808.932175938,10434808.932175938,0.04329184083732729
2009-02-06,0.0,10628366.581113447,10628366.581113447,0.018549227896321963
2009-02-13,0.0,11102113.904972034,11102113.904972034,0.044573859985261866
2009-02-20,0.0,10391544.412846461,10391544.412846461,-0.06400308069324956
2009-02-27,0.0,10306714.596684724,10306714.596684724,-0.008163350200078745
2009-03-06,0.0,9945376.052454356,9945376.052454356,-0.03505855729687102
2009-03-13,0.0,10558616.241506185,10558616.241506185,0.06166083472534867
2009-03-20,0.0,11029504.176785426,11029504.176785426,0.04459750449383404
2009-03-27,0.0,11789908.827400714,11789908.827400714,0.0689427773386011
2009-04-03,0.0,12303721.136058848,12303721.136058848,0.043580685498092464
2009-04-10,0.0,13424759.53778768,13424759.53778768,0.09111376869907861
2009-04-17,0.0,13591678.121647887,13591678.121647887,0.01243363677318543
2009-04-24,0.0,14316593.253341286,14316593.253341286,0.05333521918377415
2009-05-01,0.0,14476244.69275167,14476244.69275167,0.011151496489789858
2009-05-08,0.0,15252884.452117523,15252884.452117523,0.053649256133030176
2009-05-15,0.0,15895709.911494259,15895709.911494259,0.042144517739888476
2009-05-22,0.0,15708159.59989552,15708159.59989552,-0.01179880059733096
2009-05-29,0.0,15357026.588600364,15357026.588600364,-0.022353542377904767
2009-06-05,0.0,15719883.765857654,15719883.765857654,0.023628088104414857
2009-06-12,0.0,15718614.322462978,15718614.322462978,-8.075399370532921e-05
2009-06-19,9.313225746154785e-10,15371473.198856706,15371473.198856708,-0.02208471538805945
2009-06-26,9.313225746154785e-10,15748515.257293463,15748515.257293463,0.02452868723505297
2009-07-03,9.313225746154785e-10,15716654.280262493,15716654.280262493,-0.002023109893881214
2009-07-10,9.313225746154785e-10,16070330.170874888,16070330.17087489,0.02250325573786749
2009-07-17,9.313225746154785e-10,16254513.159103366,16254513.159103367,0.011461058128244384
2009-07-24,9.313225746154785e-10,16616676.778913746,16616676.778913748,0.022280803876771227
2009-07-31,6.984919309616089e-10,16823851.803152002,16823851.803152002,0.012467897582334686
2009-08-07,6.984919309616089e-10,17216743.624989923,17216743.624989923,0.023353262168197997
2009-08-14,6.984919309616089e-10,17768437.18919657,17768437.18919657,0.03204401344548513
2009-08-21,6.984919309616089e-10,17424410.34576006,17424410.34576006,-0.019361682728387897
2009-08-28,6.984919309616089e-10,17619877.171529785,17619877.171529785,0.011217987977268251
2009-09-04,6.984919309616089e-10,17497117.47181134,17497117.47181134,-0.00696711438583697
2009-09-11,6.984919309616089e-10,18372559.186766177,18372559.186766177,0.05003348216443171
2009-09-18,4.656612873077393e-10,18303778.18411548,18303778.18411548,-0.003743681103514418
2009-09-25,9.89530235528946e-10,18437533.949702244,18437533.949702244,0.0073075495256405
2009-10-02,1.0477378964424133e-09,17930765.75537082,17930765.75537082,-0.027485681963428044
2009-10-09,9.89530235528946e-10,18070506.010743067,18070506.010743067,0.007793323345958614
2009-10-16,1.3969838619232178e-09,17886262.967079934,17886262.967079934,-0.010195787741284046
2009-10-23,9.313225746154785e-10,17910352.8423947,17910352.8423947,0.0013468366957984923
2009-10-30,9.313225746154785e-10,17411733.044322554,17411733.044322554,-0.027839752932833695
2009-11-06,6.984919309616089e-10,17259600.19589141,17259600.19589141,-0.008737375426322025
2009-11-13,8.731149137020111e-10,17194444.363892015,17194444.363892015,-0.003775048741563869
2009-11-20,9.89530235528946e-10,17353307.266523443,17353307.266523443,0.009239199550119537
2009-11-27,1.3969838619232178e-09,16628357.884247024,16628357.884247025,-0.04177586272992062
2009-12-04,1.3969838619232178e-09,17114671.339444745,17114671.339444745,0.02924603010008764
2009-12-11,1.3969838619232178e-09,17477271.110806014,17477271.110806014,0.02118648755618069
2009-12-18,1.7462298274040222e-09,17861131.785067547,17861131.785067547,0.021963421625026847
2009-12-25,2.3283064365386963e-09,17928829.74275805,17928829.742758054,0.003790238967225079
2010-01-01,2.3283064365386963e-09,17681420.489627108,17681420.48962711,-0.013799520475165306
2010-01-08,1.3969838619232178e-09,18050836.854369566,18050836.854369566,0.02089291213673561
2010-01-15,9.313225746154785e-10,18111637.8421847,18111637.8421847,0.003368319613415327
2010-01-22,8.149072527885437e-10,17886730.84712638,17886730.84712638,-0.012417816490040368
2010-01-29,9.313225746154785e-10,17145813.51302184,17145813.51302184,-0.04142273624157378
2010-02-05,8.731149137020111e-10,17169747.853145722,17169747.853145722,0.0013959291057086265
2010-02-12,9.89530235528946e-10,17566823.27107878,17566823.27107878,0.023126455981140603
2010-02-19,9.313225746154785e-10,17428940.092428263,17428940.092428263,-0.007849067331230142
2010-02-26,9.89530235528946e-10,17702720.99877896,17702720.99877896,0.01570840825080566
2010-03-05,1.1641532182693481e-09,17911171.86239545,17911171.86239545,0.01177507478262041
2010-03-12,1.1641532182693481e-09,18285036.06580092,18285036.06580092,0.020873240806225546
2010-03-19,1.1641532182693481e-09,18906120.024488624,18906120.024488624,0.033966788824077776
2010-03-26,1.1641532182693481e-09,19053253.194546066,19053253.194546066,0.0077823038183859605
2010-04-02,1.1641532182693481e-09,18770020.27438965,18770020.27438965,-0.014865331251541325
2010-04-09,1.1641532182693481e-09,19108128.809164077,19108128.809164077,0.018013221607211083
2010-04-16,1.2223608791828156e-09,19414740.858231507,19414740.858231507,0.01604615774415241
2010-04-23,1.3969838619232178e-09,19583632.73614654,19583632.73614654,0.008699156952353793
2010-04-30,1.0477378964424133e-09,19536716.408845283,19536716.408845283,-0.0023956907246662773
2010-05-07,9.313225746154785e-10,18829973.250579484,18829973.250579484,-0.036175125004415776
2010-05-14,9.313225746154785e-10,19743117.668930124,19743117.668930124,0.04849419625822038
2010-05-21,9.313225746154785e-10,18440503.971337225,18440503.971337225,-0.06597811548491306
2010-05-28,9.89530235528946e-10,18259687.73784293,18259687.73784293,-0.009805384591188293
2010-06-04,1.0477378964424133e-09,18619698.623067796,18619698.623067796,0.0197161578222802
2010-06-11,9.313225746154785e-10,18931982.31093562,18931982.31093562,0.016771683268865578
2010-06-18,9.313225746154785e-10,19239792.635412842,19239792.635412842,0.016258747732899703
2010-06-25,9.313225746154785e-10,19281095.661306243,19281095.661306243,0.002146750054747404
2010-07-02,9.89530235528946e-10,19130563.34024551,19130563.34024551,-0.007807249323637966
2010-07-09,9.313225746154785e-10,19300835.160562374,19300835.160562374,0.008900512613690514
2010-07-16,9.313225746154785e-10,19449827.134645257,19449827.134645257,0.007719457362514559
2010-07-23,6.402842700481415e-10,19280116.12480054,19280116.12480054,-0.008725579341649636
2010-07-30,5.238689482212067e-10,19548408.900617957,19548408.900617957,0.013915516591329169
2010-08-06,5.238689482212067e-10,19507439.075928625,19507439.075928625,-0.0020958137768458673
2010-08-13,4.656612873077393e-10,19313755.531182364,19313755.531182364,-0.009928701763075587
2010-08-20,3.4924596548080444e-10,19319934.47048246,19319934.47048246,0.00031992427832694403
2010-08-27,4.656612873077393e-10,19375947.43039677,19375947.43039677,0.002899231361259913
2010-09-03,6.984919309616089e-10,20077226.645280823,20077226.645280823,0.03619328641364361
2010-09-10,6.402842700481415e-10,20119040.66299118,20119040.66299118,0.0020826590469449346
2010-09-17,8.731149137020111e-10,20188889.91897466,20188889.91897466,0.0034717985391801154
2010-09-24,9.313225746154785e-10,20279630.115172286,20279630.115172286,0.00449456094722378
2010-10-01,1.0477378964424133e-09,20723555.00603282,20723555.00603282,0.021890186770636033
2010-10-08,6.402842700481415e-10,21208524.698081937,21208524.698081937,0.02340185802618988
2010-10-15,8.731149137020111e-10,21432543.39555792,21432543.39555792,0.010562672352982805
2010-10-22,5.820766091346741e-10,22126455.670958795,22126455.670958795,0.0323765715806128
2010-10-29,1.6298145055770874e-09,22379085.773127854,22379085.773127854,0.011417558506699343
2010-11-05,9.313225746154785e-10,22448147.38272209,22448147.38272209,0.0030859888689986903
2010-11-12,9.313225746154785e-10,21877301.137481846,21877301.137481846,-0.025429548171962524
2010-11-19,9.313225746154785e-10,21734368.51835529,21734368.51835529,-0.006533375311165379
2010-11-26,8.149072527885437e-10,20752913.719535552,20752913.719535552,-0.045156812262149404
2010-12-03,9.313225746154785e-10,20906203.361306634,20906203.361306634,0.007386415413406899
2010-12-10,1.2223608791828156e-09,20910399.738392293,20910399.738392293,0.00020072401541004758
2010-12-17,1.3387762010097504e-09,21289272.34814363,21289272.34814363,0.018118860207904763
2010-12-24,1.1641532182693481e-09,21255829.058839332,21255829.058839332,-0.0015708986553133464
2010-12-31,8.149072527885437e-10,21999094.559774354,21999094.559774354,0.034967608126577954
2011-01-07,6.984919309616089e-10,21753615.78368778,21753615.78368778,-0.011158585432667456
2011-01-14,5.238689482212067e-10,21855339.785814963,21855339.785814963,0.004676188231818479
2011-01-21,-5.820766091346741e-11,21682004.115911182,21682004.115911182,-0.007931044385605213
2011-01-28,2.3283064365386963e-10,21810414.199964445,21810414.199964445,0.0059224268829942694
2011-02-04,0.0,21741118.385643933,21741118.385643933,-0.0031771892860532613
2011-02-11,-5.820766091346741e-11,21170061.530282795,21170061.530282795,-0.02626621341329971
2011-02-18,4.656612873077393e-10,20908956.219604146,20908956.219604146,-0.012333705799822625
2011-02-25,4.656612873077393e-10,20282676.81602958,20282676.81602958,-0.029952686159788855
2011-03-04,5.820766091346741e-10,20579838.755500127,20579838.755500127,0.014651021764331418
2011-03-11,4.656612873077393e-10,20382994.735638425,20382994.735638425,-0.009564896119951039
2011-03-18,4.656612873077393e-10,19779848.602528013,19779848.602528013,-0.02959065343110978
2011-03-25,9.313225746154785e-10,20513614.99627732,20513614.99627732,0.03709666380639165
2011-04-01,1.1641532182693481e-09,21232065.381299157,21232065.381299157,0.03502309978773677
2011-04-08,1.7462298274040222e-09,21231126.91489032,21231126.91489032,-4.42004294911591e-05
2011-04-15,1.862645149230957e-09,21369613.847350873,21369613.847350873,0.006522825331679805
2011-04-22,1.862645149230957e-09,21259599.516834147,21259599.516834147,-0.005148166518243569
2011-04-29,1.8044374883174896e-09,20939453.75670777,20939453.75670777,-0.015058880101333716
2011-05-06,1.6880221664905548e-09,20980353.606046274,20980353.606046274,0.0019532433755777845
2011-05-13,1.57160684466362e-09,20725110.87314016,20725110.87314016,-0.01216579747409774
2011-05-20,1.862645149230957e-09,20221581.19780799,20221581.19780799,-0.024295632405264778
2011-05-27,1.3387762010097504e-09,20429737.466037184,20429737.466037184,0.010293768137763504
2011-06-03,1.3969838619232178e-09,20429083.490663696,20429083.490663696,-3.201095337490578e-05
2011-06-10,1.4551915228366852e-09,20145903.708758585,20145903.708758585,-0.013861599911446199
2011-06-17,1.862645149230957e-09,20112562.431646425,20112562.43164643,-0.0016549903937871369
2011-06-24,2.561137080192566e-09,20462676.62225038,20462676.622250386,0.01740773667173623
2011-07-01,2.3283064365386963e-09,20689173.25014174,20689173.250141744,0.011068768376326421
2011-07-08,2.3865140974521637e-09,20933483.63712402,20933483.637124024,0.011808610427707977
2011-07-15,2.3283064365386963e-09,20994831.942610204,20994831.942610208,0.0029306304936931316
2011-07-22,2.3865140974521637e-09,21530546.928848978,21530546.92884898,0.025516517003001615
2011-07-29,2.3283064365386963e-09,22130860.301841237,22130860.30184124,0.027881937926430123
2011-08-05,2.3865140974521637e-09,21005703.122916307,21005703.12291631,-0.05084109535639325
2011-08-12,2.270098775625229e-09,19861987.670310043,19861987.670310047,-0.054447853800167256
2011-08-19,2.3283064365386963e-09,19583454.796853498,19583454.7968535,-0.014023413873773594
2011-08-26,2.3865140974521637e-09,19461273.572187122,19461273.572187126,-0.006239002562816731
2011-09-02,2.3865140974521637e-09,20181468.21018064,20181468.210180644,0.03700655228560046
2011-09-09,2.270098775625229e-09,19505596.524312504,19505596.524312507,-0.03348971833115644
2011-09-16,2.3865140974521637e-09,19320746.342601854,19320746.342601858,-0.009476776651267449
2011-09-23,2.3283064365386963e-09,18144373.979072567,18144373.97907257,-0.060886486612342194
2011-09-30,2.5029294192790985e-09,18136595.98092121,18136595.980921213,-0.0004286727202784668
2011-10-07,2.7939677238464355e-09,17666390.138284717,17666390.13828472,-0.02592580455180926
2011-10-14,2.7939677238464355e-09,18125915.835171282,18125915.835171286,0.026011295646116706
2011-10-21,2.3283064365386963e-09,18305891.416809022,18305891.416809026,0.009929185552573161
2011-10-28,2.3283064365386963e-09,18611118.52232097,18611118.522320975,0.016673708947693155
2011-11-04,2.3283064365386963e-09,18613132.5363738,18613132.536373805,0.00010821563735752271
2011-11-11,2.3865140974521637e-09,18469479.74932759,18469479.749327593,-0.007717818952048261
2011-11-18,1.6298145055770874e-09,18657997.610696103,18657997.610696103,0.010206993587644098
2011-11-25,1.4551915228366852e-09,17825738.11232778,17825738.11232778,-0.044606045929130755
2011-12-02,1.862645149230957e-09,18596175.827441186,18596175.827441186,0.04322052249721953
2011-12-09,1.9208528101444244e-09,19226934.616204154,19226934.616204157,0.033918736551856066
2011-12-16,1.6298145055770874e-09,18936991.77528336,18936991.77528336,-0.015080034686155264
2011-12-23,1.862645149230957e-09,18995704.990662552,18995704.990662552,0.003100451015447314
2011-12-30,2.0954757928848267e-09,18932293.61213568,18932293.612135682,-0.0033381955846355504
2012-01-06,2.9103830456733704e-09,19119749.261361487,19119749.26136149,0.009901370275899879
2012-01-13,2.7939677238464355e-09,19262144.251228064,19262144.251228068,0.00744753437506307
2012-01-20,2.7939677238464355e-09,19401114.344971363,19401114.344971366,0.007214674126139409
2012-01-27,2.735760062932968e-09,19763400.47933038,19763400.479330383,0.018673470395421887
2012-02-03,2.7939677238464355e-09,20117887.03374168,20117887.033741683,0.017936516278260983
2012-02-10,2.852175384759903e-09,21315744.64555438,21315744.645554382,0.05954191957652677
2012-02-17,1.862645149230957e-09,22369993.818223923,22369993.818223923,0.04945870717631329
2012-02-24,1.3969838619232178e-09,23161280.333255727,23161280.333255727,0.03537267472944827
2012-03-02,1.5133991837501526e-09,22874831.585003976,22874831.585003976,-0.012367569673618517
2012-03-09,1.3387762010097504e-09,21961427.08162976,21961427.08162976,-0.03993054549844266
2012-03-16,1.3969838619232178e-09,21972277.43533745,21972277.43533745,0.0004940641456203654
2012-03-23,1.3387762010097504e-09,22073707.186698817,22073707.186698817,0.00461626026978168
2012-03-30,1.3969838619232178e-09,21873742.87612747,21873742.87612747,-0.009058936447786214
2012-04-06,1.3387762010097504e-09,21022376.453652147,21022376.453652147,-0.03892184466539039
2012-04-13,1.4551915228366852e-09,20581392.16427943,20581392.16427943,-0.020976900035300505
2012-04-20,1.4551915228366852e-09,20621792.91604614,20621792.91604614,0.0019629746833562667
2012-04-27,1.3969838619232178e-09,20617317.056169238,20617317.056169238,-0.00021704513740017362
2012-05-04,1.3969838619232178e-09,20666809.56429533,20666809.56429533,0.0024005309707006983
2012-05-11,9.313225746154785e-10,20311658.37306654,20311658.37306654,-0.017184616238123174
2012-05-18,9.313225746154785e-10,18989182.640284628,18989182.640284628,-0.06510919534445936
2012-05-25,1.1641532182693481e-09,19789464.351544145,19789464.351544145,0.042144084156721995
2012-06-01,1.1641532182693481e-09,19651960.83707379,19651960.83707379,-0.006948319167599082
2012-06-08,1.5133991837501526e-09,19543994.729181804,19543994.729181804,-0.005493910189781515
2012-06-15,1.862645149230957e-09,19821489.917548187,19821489.917548187,0.014198488702621637
2012-06-22,1.7462298274040222e-09,19840572.730417103,19840572.730417103,0.0009627335254964731
2012-06-29,2.2118911147117615e-09,20059159.528872773,20059159.528872777,0.011017161723389401
2012-07-06,2.444721758365631e-09,20154604.38426081,20154604.384260815,0.0047581682198925
2012-07-13,2.7939677238464355e-09,19937439.171018705,19937439.17101871,-0.010774967799005553
2012-07-20,2.6193447411060333e-09,19636730.41600458,19636730.416004583,-0.015082616801220805
2012-07-27,1.3969838619232178e-09,19389702.594141975,19389702.594141975,-0.0125798855832574
2012-08-03,1.862645149230957e-09,19379242.78414397,19379242.78414397,-0.0005394518016571537
2012-08-10,1.4551915228366852e-09,19807567.07126393,19807567.07126393,0.022102219983043625
2012-08-17,1.862645149230957e-09,19792367.688692424,19792367.68869243,-0.0007673523213032052
2012-08-24,1.862645149230957e-09,19965871.41236209,19965871.41236209,0.008766193433683345
2012-08-31,3.3760443329811096e-09,20337504.911971457,20337504.91197146,0.01861343749711164
2012-09-07,2.9685907065868378e-09,20546766.98823919,20546766.988239195,0.010289466538471626
2012-09-14,2.7939677238464355e-09,21227102.260435175,21227102.26043518,0.033111548526607804
2012-09-21,2.7939677238464355e-09,21766682.97466182,21766682.974661823,0.025419424074305308
2012-09-28,2.7939677238464355e-09,21507984.031809136,21507984.03180914,-0.011885088010599953
2012-10-05,2.7939677238464355e-09,21306767.517161086,21306767.51716109,-0.009355433514850242
2012-10-12,2.735760062932968e-09,21490138.761900607,21490138.76190061,0.00860624421756273
2012-10-19,2.6775524020195007e-09,21062925.100997362,21062925.100997366,-0.019879520818201657
2012-10-26,2.3283064365386963e-09,21296490.705385365,21296490.70538537,0.011088944354501917
2012-11-02,2.3283064365386963e-09,21882007.798931677,21882007.79893168,0.02749359514890637
2012-11-09,2.2118911147117615e-09,21695281.410417136,21695281.41041714,-0.008533329767100084
2012-11-16,1.862645149230957e-09,21096503.61162446,21096503.611624464,-0.027599448353095246
2012-11-23,1.862645149230957e-09,21230574.57351739,21230574.57351739,0.006355127103575997
2012-11-30,1.862645149230957e-09,21297932.66139228,21297932.66139228,0.0031726926485970974
2012-12-07,1.862645149230957e-09,21067599.502138317,21067599.502138317,-0.010814813011006397
2012-12-14,1.862645149230957e-09,21525189.475451197,21525189.4754512,0.02172008126822611
2012-12-21,1.862645149230957e-09,21441240.888954725,21441240.88895473,-0.0039000161458375704
2012-12-28,1.3969838619232178e-09,21494956.45036772,21494956.45036772,0.0025052449945031086
2013-01-04,1.4551915228366852e-09,21809193.65458196,21809193.65458196,0.01461911332269139
2013-01-11,1.5133991837501526e-09,21981524.93125552,21981524.93125552,0.007901772041780886
2013-01-18,1.5133991837501526e-09,21795241.08919323,21795241.08919323,-0.008474564100755977
2013-01-25,1.862645149230957e-09,21569119.085629188,21569119.085629188,-0.010374833783149073
2013-02-01,1.979060471057892e-09,21608403.454394564,21608403.454394568,0.0018213246729930077
2013-02-08,1.9208528101444244e-09,21584652.232425973,21584652.232425977,-0.001099165980435357
2013-02-15,1.862645149230957e-09,21723216.291021764,21723216.291021764,0.006419564100626385
2013-02-22,1.280568540096283e-09,21839780.331807498,21839780.331807498,0.005365873967470902
2013-03-01,-9.313225746154785e-10,22082158.31137781,22082158.31137781,0.011098004461945532
2013-03-08,-1.3969838619232178e-09,22447747.253048662,22447747.253048662,0.016555851856314474
2013-03-15,-1.280568540096283e-09,22635663.31464341,22635663.31464341,0.00837126592153803
2013-03-22,-4.656612873077393e-10,22519624.16117097,22519624.16117097,-0.005126386263104132
2013-03-29,-9.313225746154785e-10,22815987.62394742,22815987.62394742,0.013160231301170944
2013-04-05,-9.313225746154785e-10,22996278.60143568,22996278.60143568,0.007901958068167403
2013-04-12,-6.984919309616089e-10,23272870.98639813,23272870.98639813,0.012027701949357317
2013-04-19,-9.313225746154785e-10,23626639.01872241,23626639.01872241,0.015200876270531571
2013-04-26,-6.402842700481415e-10,24513228.275867723,24513228.275867723,0.03752498425369577
2013-05-03,-1.1641532182693481e-10,25081392.276548002,25081392.276548002,0.023177852965193146
2013-05-10,-8.149072527885437e-10,25765307.03968245,25765307.03968245,0.027267814943986668
2013-05-17,-6.984919309616089e-10,25764488.05990376,25764488.05990376,-3.178614473453578e-05
2013-05-24,-4.656612873077393e-10,26105029.258486137,26105029.258486137,0.013217464200748097
2013-05-31,-3.4924596548080444e-10,26316080.27426119,26316080.27426119,0.008084687961284143
2013-06-07,-1.1641532182693481e-10,25379432.16746177,25379432.16746177,-0.03559223474916673
2013-06-14,5.820766091346741e-11,25329660.919583365,25329660.919583365,-0.001961085951411312
2013-06-21,-1.1641532182693481e-10,24191658.426276397,24191658.426276397,-0.044927663932016304
2013-06-28,5.238689482212067e-10,24051038.828495204,24051038.828495204,-0.0058127307894052516
2013-07-05,5.238689482212067e-10,24266928.818012197,24266928.818012197,0.00897632701258666
2013-07-12,2.9103830456733704e-10,24369701.811428532,24369701.811428532,0.004235105076009882
2013-07-19,4.656612873077393e-10,24681979.536429547,24681979.536429547,0.01281417915645422
2013-07-26,5.238689482212067e-10,25076234.84124154,25076234.84124154,0.015973407004494344
2013-08-02,0.0,25709987.89638271,25709987.89638271,0.025273054713097265
2013-08-09,0.0,25278532.02661497,25278532.02661497,-0.016781644219616476
2013-08-16,2.9103830456733704e-10,25365080.145245653,25365080.145245653,0.003423779456004805
2013-08-23,-9.313225746154785e-10,24750027.966579743,24750027.966579743,-0.024247988776065155
2013-08-30,-8.149072527885437e-10,24855972.193253454,24855972.193253454,0.004280569978214466
2013-09-06,-1.2223608791828156e-09,25369755.088948395,25369755.088948395,0.02067040032473133
2013-09-13,-3.2014213502407074e-09,25557993.644132093,25557993.64413209,0.0074198018279527655
2013-09-20,-3.2014213502407074e-09,25594196.31042629,25594196.310426287,0.0014164909342369025
2013-09-27,-2.7939677238464355e-09,25919506.427834477,25919506.427834474,0.012710307972267243
2013-10-04,-3.6088749766349792e-09,25536790.45778301,25536790.457783006,-0.01476555779011579
2013-10-11,-4.598405212163925e-09,25118137.681668486,25118137.681668483,-0.016394103119835357
2013-10-18,-3.434251993894577e-09,24926298.581290018,24926298.581290014,-0.007637473080596813
2013-10-25,-3.7834979593753815e-09,25107372.58730587,25107372.587305866,0.007264376033422337
2013-11-01,-3.026798367500305e-09,25497303.85228769,25497303.852287687,0.015530548392744592
2013-11-08,-5.529727786779404e-09,24825755.11695126,24825755.116951257,-0.0263380292766201
2013-11-15,-6.344635039567947e-09,24693777.19315249,24693777.193152484,-0.005316169565720785
2013-11-22,-5.762558430433273e-09,24401453.661382128,24401453.66138212,-0.011837943198557133
2013-11-29,-5.587935447692871e-09,24661214.506594785,24661214.506594777,0.010645302071644824
2013-12-06,-5.296897143125534e-09,24257103.11953147,24257103.119531468,-0.016386516039396337
2013-12-13,-5.296897143125534e-09,23983346.446809437,23983346.446809433,-0.011285629259728425
2013-12-20,-5.180481821298599e-09,23774226.763588637,23774226.763588633,-0.008719370488375677
2013-12-27,-5.122274160385132e-09,24229150.914368983,24229150.91436898,0.019135181779164512
2014-01-03,-5.122274160385132e-09,24221804.181016102,24221804.1810161,-0.00030321877059769076
2014-01-10,-5.471520125865936e-09,24412005.197231892,24412005.19723189,0.007852471054359489
2014-01-17,-4.249159246683121e-09,24557754.502427995,24557754.50242799,0.005970394648803001
2014-01-24,-4.598405212163925e-09,24673317.4099445,24673317.409944497,0.004705760353825417
2014-01-31,-5.704350769519806e-09,24702263.815424517,24702263.81542451,0.0011731866047468564
2014-02-07,-6.05359673500061e-09,24845871.044880472,24845871.044880465,0.005813525048918189
2014-02-14,-6.111804395914078e-09,25088840.73520225,25088840.73520224,0.009779077170725348
2014-02-21,-6.111804395914078e-09,25369986.346204087,25369986.34620408,0.011206002460183884
2014-02-28,-4.307366907596588e-09,25417260.36745615,25417260.367456146,0.0018633837877148896
2014-03-07,-3.725290298461914e-09,26350142.081408042,26350142.08140804,0.036702685516269984
2014-03-14,-3.725290298461914e-09,26081233.748497203,26081233.7484972,-0.010205194798572848
2014-03-21,-3.7834979593753815e-09,26194216.905805,26194216.905804995,0.0043319713475711286
2014-03-28,-3.4924596548080444e-09,26338761.37682687,26338761.376826867,0.005518182564558272
2014-04-04,-2.9103830456733704e-09,26673661.9922335,26673661.992233496,0.012715123942816708
2014-04-11,-2.9103830456733704e-09,26765669.974591523,26765669.97459152,0.0034493944770244145
2014-04-18,-3.4924596548080444e-09,27603521.23315268,27603521.233152676,0.031303205163798475
2014-04-25,-3.841705620288849e-09,27748042.889742825,27748042.88974282,0.005235623939766398
2014-05-02,-3.725290298461914e-09,27882131.28498701,27882131.284987006,0.004832355052101667
2014-05-09,-4.0745362639427185e-09,27748457.771078493,27748457.77107849,-0.004794235868923469
2014-05-16,-3.026798367500305e-09,28377754.476932704,28377754.4769327,0.022678619152308732
2014-05-23,-3.259629011154175e-09,28612588.013411075,28612588.01341107,0.008275268456116258
2014-05-30,-3.725290298461914e-09,28293411.691569038,28293411.691569034,-0.011155101443198201
2014-06-06,-3.725290298461914e-09,27821674.17818687,27821674.178186867,-0.01667305161090693
2014-06-13,-3.725290298461914e-09,28102833.765787613,28102833.76578761,0.010105775295908614
2014-06-20,-3.6670826375484467e-09,27758768.23107979,27758768.231079787,-0.012243090414842284
2014-06-27,-4.540197551250458e-09,27631492.386788227,27631492.386788223,-0.00458506815691706
2014-07-04,-4.190951585769653e-09,28424547.330237366,28424547.330237363,0.02870112595975205
2014-07-11,-3.725290298461914e-09,28928836.59000202,28928836.590002015,0.017741329489113777
2014-07-18,-3.725290298461914e-09,29831899.120503016,29831899.120503012,0.031216690228500266
2014-07-25,-3.026798367500305e-09,30012333.108219292,30012333.10821929,0.0060483573971414906
2014-08-01,-2.9103830456733704e-09,29823111.395270955,29823111.39527095,-0.006304798506202025
2014-08-08,3.958120942115784e-09,30238307.858072277,30238307.85807228,0.013921970021785413
2014-08-15,6.6356733441352844e-09,30869684.4273163,30869684.427316308,0.02088002318805282
2014-08-22,6.402842700481415e-09,31042164.879032098,31042164.879032105,0.005587373337810009
2014-08-29,5.587935447692871e-09,31258757.707710903,31258757.707710907,0.0069773751129420525
2014-09-05,5.704350769519806e-09,31299004.733695384,31299004.73369539,0.0012875440016144601
2014-09-12,5.820766091346741e-09,31489654.828065068,31489654.828065075,0.006091251015545529
2014-09-19,5.820766091346741e-09,31770181.283578295,31770181.283578303,0.008908527484499773
2014-09-26,7.101334631443024e-09,31449509.392305475,31449509.392305482,-0.010093486354721293
2014-10-03,5.587935447692871e-09,30547884.26251479,30547884.262514792,-0.028668972814287597
2014-10-10,5.587935447692871e-09,30798509.123814724,30798509.12381473,0.008204327970676495
2014-10-17,5.122274160385132e-09,31002141.82084949,31002141.820849493,0.006611771245683462
2014-10-24,4.540197551250458e-09,31016846.758974273,31016846.758974276,0.000474320071489176
2014-10-31,7.450580596923828e-09,30497444.86351215,30497444.86351216,-0.01674579945209409
2014-11-07,5.587935447692871e-09,29974878.377877668,29974878.377877675,-0.017134762862042074
2014-11-14,6.51925802230835e-09,30397868.292762537,30397868.292762544,0.01411148060560774
2014-11-21,7.2177499532699585e-09,30288172.107937895,30288172.107937902,-0.003608680180075652
2014-11-28,7.450580596923828e-09,30076694.34347173,30076694.343471736,-0.0069821897377142506
2014-12-05,7.450580596923828e-09,30206589.208350874,30206589.208350882,0.004318787942443558
2014-12-12,7.450580596923828e-09,29457377.49942017,29457377.499420177,-0.024802923089495277
2014-12-19,7.450580596923828e-09,29466785.048851736,29466785.048851743,0.00031936140383681533
2014-12-26,7.450580596923828e-09,29452105.5371001,29452105.537100106,-0.0004981714743328425
2015-01-02,7.450580596923828e-09,29707571.504545074,29707571.50454508,0.008673945810874883
2015-01-09,9.19681042432785e-09,29511286.68991791,29511286.68991792,-0.006607231917194367
2015-01-16,9.313225746154785e-09,29830321.583009884,29830321.58300989,0.010810606004548307
2015-01-23,8.149072527885437e-09,30466071.39446223,30466071.39446224,0.02131220106639553
2015-01-30,8.498318493366241e-09,30659437.64310082,30659437.643100828,0.006346937422123222
2015-02-06,4.889443516731262e-09,31206388.64538206,31206388.645382065,0.017839564073162784
2015-02-13,4.6566128730773926e-09,32050558.725133188,32050558.72513319,0.02705119420718516
2015-02-20,4.6566128730773926e-09,32417079.59720471,32417079.597204715,0.011435709287155316
2015-02-27,6.402842700481415e-09,33110278.353966013,33110278.35396602,0.02138375095395939
2015-03-06,7.450580596923828e-09,33933314.290611975,33933314.29061198,0.0248574152064589
2015-03-13,7.450580596923828e-09,34204304.49984758,34204304.49984759,0.007985963496367932
2015-03-20,7.799826562404633e-09,34608415.41863361,34608415.41863362,0.01181462171779657
2015-03-27,7.101334631443024e-09,34923382.2340729,34923382.23407291,0.009100873635194295
2015-04-03,7.450580596923828e-09,36594086.976901874,36594086.97690188,0.04783914489241403
2015-04-10,7.450580596923828e-09,37878278.24931902,37878278.249319024,0.03509286276845014
2015-04-17,7.450580596923828e-09,38942522.96882323,38942522.96882324,0.02809643861052069
2015-04-24,7.450580596923828e-09,38304222.18880258,38304222.188802585,-0.016390843000379518
2015-05-01,7.683411240577698e-09,38321340.33413151,38321340.33413152,0.00044689969801647855
2015-05-08,7.566995918750763e-09,38395904.55298229,38395904.5529823,0.001945762288078745
2015-05-15,8.498318493366241e-09,39646688.62737337,39646688.627373375,0.032575976238953475
2015-05-22,8.498318493366241e-09,39909202.48687093,39909202.48687094,0.006621331278504616
2015-05-29,8.381903171539307e-09,39658221.322409466,39658221.32240947,-0.006288804306325835
2015-06-05,8.381903171539307e-09,38881523.24350776,38881523.243507765,-0.019584793593928063
2015-06-12,8.265487849712372e-09,40333517.23517945,40333517.235179454,0.03734406140876012
2015-06-19,8.381903171539307e-09,41699774.579038434,41699774.57903844,0.03387399457112861
2015-06-26,8.731149137020111e-09,43927137.95433029,43927137.954330295,0.053414278560908635
2015-07-03,8.381903171539307e-09,46998974.82450113,46998974.824501134,0.0699302757526461
2015-07-10,7.566995918750763e-09,46799029.0403919,46799029.04039191,-0.0042542584142706286
2015-07-17,7.101334631443024e-09,50048933.8157339,50048933.81573391,0.0694438504811079
2015-07-24,5.587935447692871e-09,48781207.86999053,48781207.869990535,-0.025329729308735782
2015-07-31,6.868503987789154e-09,46742002.728207,46742002.72820701,-0.041803088337179495
2015-08-07,5.587935447692871e-09,47323168.01616566,47323168.01616567,0.012433469984972412
2015-08-14,7.450580596923828e-09,46264136.38556821,46264136.38556822,-0.022378713746207368
2015-08-21,7.450580596923828e-09,42049353.622984536,42049353.62298454,-0.09110259245860353
2015-08-28,6.984919309616089e-09,43981538.142169036,43981538.14216904,0.04595039763294606
2015-09-04,8.614733815193176e-09,43326344.650199585,43326344.65019959,-0.01489701178370706
2015-09-11,5.820766091346741e-09,44289659.8551729,44289659.85517291,0.022233936713349722
2015-09-18,1.862645149230957e-09,45275987.478908785,45275987.478908785,0.022269929978264935
2015-09-25,2.2118911147117615e-09,44808848.81731451,44808848.81731451,-0.010317580854793729
2015-10-02,3.725290298461914e-09,44583413.48966015,44583413.48966016,-0.005031044840572707
2015-10-09,1.979060471057892e-09,44901443.21345233,44901443.21345233,0.0071333641571866835
2015-10-16,0.0,44952487.18566311,44952487.18566311,0.0011368002575802283
2015-10-23,1.0477378964424133e-09,44889418.78452131,44889418.78452131,-0.0014030013707876376
2015-10-30,-1.1641532182693481e-09,44398757.6571952,44398757.6571952,-0.01093044063861437
2015-11-06,-5.820766091346741e-10,45030249.47007544,45030249.47007544,0.01422318655301158
2015-11-13,-8.149072527885437e-10,43775467.29854897,43775467.29854897,-0.027865316899039927
2015-11-20,-9.313225746154785e-10,44241329.821746305,44241329.821746305,0.010642091380090868
2015-11-27,4.656612873077393e-10,44734794.581772506,44734794.581772506,0.01115393144858956
2015-12-04,-1.280568540096283e-09,44127817.449616715,44127817.449616715,-0.01356834512889682
2015-12-11,1.3969838619232178e-09,42768170.740459055,42768170.740459055,-0.030811555788138545
2015-12-18,2.2118911147117615e-09,43798936.62007352,43798936.62007352,0.024101238415590087
2015-12-25,2.6775524020195007e-09,44492950.11427598,44492950.11427598,0.01584544164216961
2016-01-01,2.2118911147117615e-09,44172033.32934795,44172033.32934795,-0.0072127558209509335
2016-01-08,1.862645149230957e-09,43215569.680718526,43215569.680718526,-0.021653149663679927
2016-01-15,1.6298145055770874e-09,42351039.30719848,42351039.30719848,-0.02000506715304906
2016-01-22,1.979060471057892e-09,41982509.209169865,41982509.209169865,-0.008701795848631622
2016-01-29,3.4924596548080444e-09,43414884.94240023,43414884.94240023,0.034118392640464235
2016-02-05,3.725290298461914e-09,43511318.94887706,43511318.94887707,0.002221219901993976
2016-02-12,2.7939677238464355e-09,40249077.4390716,40249077.4390716,-0.07497454889010335
2016-02-19,2.7939677238464355e-09,42079643.62502868,42079643.62502868,0.04548094769943867
2016-02-26,2.9103830456733704e-09,42549493.7914359,42549493.7914359,0.011165735399141008
2016-03-04,3.725290298461914e-09,43402926.72021643,43402926.72021644,0.020057416733646694
2016-03-11,3.6088749766349792e-09,43517791.42332462,43517791.42332462,0.0026464736778841758
2016-03-18,5.471520125865936e-09,43531218.27318143,43531218.27318144,0.0003085370240003549
2016-03-25,7.450580596923828e-09,43214606.51442685,43214606.51442686,-0.0072732115321854085
2016-04-01,7.450580596923828e-09,43303528.06009372,43303528.06009373,0.0020576733849742013
2016-04-08,1.862645149230957e-09,44090628.30573942,44090628.30573942,0.018176353773147635
2016-04-15,1.862645149230957e-09,44713238.38982384,44713238.38982384,0.014121143381469414
2016-04-22,1.862645149230957e-09,44986122.37095945,44986122.37095945,0.006102979586415369
2016-04-29,1.862645149230957e-09,44808931.52060654,44808931.52060654,-0.0039387891423888766
2016-05-06,1.3969838619232178e-09,43788617.67322659,43788617.67322659,-0.022770323075227417
2016-05-13,1.6298145055770874e-09,44769344.859597355,44769344.859597355,0.022396851932834805
2016-05-20,1.7462298274040222e-09,44047239.564613536,44047239.564613536,-0.01612945861165571
2016-05-27,2.561137080192566e-09,43875018.95511276,43875018.95511276,-0.003909906981756306
2016-06-03,1.0477378964424133e-09,44542745.84841407,44542745.84841407,0.01521883999604512
2016-06-10,8.149072527885437e-10,45021008.62418568,45021008.62418568,0.010737164192778259
2016-06-17,-1.1641532182693481e-10,43033416.44606816,43033416.44606816,-0.044148104159749346
2016-06-24,-1.7462298274040222e-09,40953729.505823344,40953729.505823344,-0.04832725616501288
2016-07-01,-1.7462298274040222e-09,43413554.13972436,43413554.13972436,0.060063507367533964
2016-07-08,-1.6298145055770874e-09,43646354.140164636,43646354.140164636,0.00536238059871863
2016-07-15,-1.862645149230957e-09,44366715.53404403,44366715.53404403,0.01650450325280417
2016-07-22,-1.862645149230957e-09,44892935.30797779,44892935.30797779,0.011860688076627435
2016-07-29,-1.862645149230957e-09,45009344.78742637,45009344.78742637,0.002593046737754623
2016-08-05,-1.862645149230957e-09,45034930.238803245,45034930.238803245,0.0005684475412319756
2016-08-12,-1.862645149230957e-09,45696085.8326731,45696085.8326731,0.014680950772300472
2016-08-19,-1.862645149230957e-09,46133893.84897273,46133893.84897273,0.00958086471350672
2016-08-26,-3.725290298461914e-09,45466450.63335639,45466450.63335639,-0.014467523981420927
2016-09-02,-3.725290298461914e-09,45375261.522174686,45375261.522174686,-0.00200563514220764
2016-09-09,-4.540197551250458e-09,45443904.20455037,45443904.20455036,0.0015127776694385808
2016-09-16,-5.587935447692871e-09,45535812.11165946,45535812.11165945,0.0020224474265106984
2016-09-23,-1.0710209608078003e-08,48276284.826103665,48276284.82610366,0.06018280090677264
2016-09-30,-1.2223608791828156e-08,48292743.01775689,48292743.01775687,0.00034091669879932063
2016-10-07,-1.5133991837501526e-08,47835818.24334128,47835818.24334127,-0.00946156183854785
2016-10-14,-1.3969838619232178e-08,47551518.40962015,47551518.409620136,-0.005943241783278319
2016-10-21,-1.3853423297405243e-08,46899718.02686033,46899718.02686031,-0.013707246467821732
2016-10-28,-1.4784745872020721e-08,46718238.09315756,46718238.093157545,-0.0038695314457718455
2016-11-04,-1.641456037759781e-08,45756309.6363348,45756309.636334784,-0.020589998597649317
2016-11-11,-1.7229467630386353e-08,45595093.967363745,45595093.96736373,-0.003523353833654319
2016-11-18,-1.792795956134796e-08,46266431.59071849,46266431.59071848,0.014723900423042835
2016-11-25,-1.3504177331924438e-08,45446733.83835112,45446733.83835111,-0.017716900227330523
2016-12-02,-1.3969838619232178e-08,44314829.28170305,44314829.28170303,-0.024906180511764187
2016-12-09,-1.3853423297405243e-08,44732258.40669427,44732258.406694256,0.009419626155788396
2016-12-16,-1.2223608791828156e-08,45311543.183985636,45311543.18398562,0.012950045401791677
2016-12-23,-1.2456439435482025e-08,45503530.43363554,45503530.433635525,0.004237049461554454
2016-12-30,-1.2223608791828156e-08,44978857.531474024,44978857.53147401,-0.011530377910494716
2017-01-06,-1.664739102125168e-08,45317448.05486138,45317448.05486137,0.007527770645362253
2017-01-13,-1.6065314412117004e-08,45609101.506610714,45609101.5066107,0.0064357871916409515
2017-01-20,-1.6763806343078613e-08,45437389.07287332,45437389.0728733,-0.003764872099322303
2017-01-27,-1.618172973394394e-08,44365263.65235027,44365263.652350254,-0.023595665208745897
2017-02-03,-1.57160684466362e-08,44665748.069393344,44665748.06939333,0.00677296588154408
2017-02-10,-1.618172973394394e-08,45338250.926247366,45338250.92624735,0.015056343751574719
2017-02-17,-1.3154931366443634e-08,45283171.16530516,45283171.165305145,-0.0012148629428119229
2017-02-24,-1.257285475730896e-08,44572261.315809116,44572261.3158091,-0.015699206376269093
2017-03-03,-1.210719347000122e-08,44036451.890107885,44036451.89010787,-0.012021140724829849
2017-03-10,-1.664739102125168e-08,44822985.81043726,44822985.81043725,0.017860973956125292
2017-03-17,-1.525040715932846e-08,45316633.04784915,45316633.04784913,0.011013260908133038
2017-03-24,-1.5599653124809265e-08,44437853.304149896,44437853.30414988,-0.01939199107690459
2017-03-31,-1.5832483768463135e-08,44508108.50513171,44508108.50513169,0.0015809764819412209
2017-04-07,-1.4901161193847656e-08,44421550.596221626,44421550.59622161,-0.0019447671855140625
2017-04-14,-1.501757651567459e-08,43593293.875270754,43593293.87527074,-0.018645380672986267
2017-04-21,-1.4901161193847656e-08,44369090.27622233,44369090.27622232,0.01779623267678021
2017-04-28,-1.594889909029007e-08,44769015.24230662,44769015.242306605,0.009013594004171122
2017-05-05,-1.8277205526828766e-08,45507466.605311,45507466.605310984,0.016494697482345888
2017-05-12,-1.8742866814136505e-08,45669407.64115136,45669407.64115134,0.0035585596808733744
2017-05-19,-1.8975697457790375e-08,45422515.43102448,45422515.431024455,-0.0054060742820849494
2017-05-26,-1.932494342327118e-08,46286504.68702966,46286504.68702964,0.01902116709756374
2017-06-02,-1.9208528101444244e-08,46928096.52707353,46928096.52707351,0.013861315395968132
2017-06-09,-1.955777406692505e-08,48877575.03173846,48877575.03173844,0.04154181927111078
2017-06-16,-2.0139850676059723e-08,49403279.641892225,49403279.6418922,0.01075553788853889
2017-06-23,-1.8044374883174896e-08,49035147.98373572,49035147.9837357,-0.0074515631517778624
2017-06-30,-1.5366822481155396e-08,48297491.22934408,48297491.22934406,-0.015043428738836684
2017-07-07,-1.5832483768463135e-08,47628542.1686843,47628542.16868428,-0.013850596451961183
2017-07-14,-1.501757651567459e-08,47312957.94237484,47312957.942374825,-0.0066259476343357715
2017-07-21,-1.4901161193847656e-08,48226488.47314529,48226488.47314528,0.019308252337194576
2017-07-28,-1.4901161193847656e-08,47182814.43925679,47182814.43925677,-0.02164109531776648
2017-08-04,-1.6763806343078613e-08,47644108.69091235,47644108.690912336,0.009776743018359735
2017-08-11,-1.6763806343078613e-08,46631080.80682633,46631080.806826316,-0.0212623955389315
2017-08-18,-1.6880221664905548e-08,47622812.999922484,47622812.99992247,0.021267621850852958
2017-08-25,-1.6763806343078613e-08,47657883.2092084,47657883.209208384,0.0007364161643701461
2017-09-01,-1.6065314412117004e-08,48229567.58418619,48229567.584186174,0.011995588903271459
2017-09-08,-1.618172973394394e-08,46622855.87216278,46622855.87216277,-0.03331383200189064
2017-09-15,-1.6298145055770874e-08,46216846.216939144,46216846.21693913,-0.008708382350855803
2017-09-22,-1.664739102125168e-08,45355032.33454507,45355032.33454505,-0.018647180691403586
2017-09-29,-1.6763806343078613e-08,44700849.51993465,44700849.51993463,-0.014423599343620253
2017-10-06,-1.6763806343078613e-08,44700849.51993465,44700849.51993463,0.0
2017-10-13,-1.664739102125168e-08,44789265.24203037,44789265.24203035,0.0019779427694386342
2017-10-20,-1.501757651567459e-08,44325907.30526952,44325907.3052695,-0.010345289976448013
2017-10-27,-1.4901161193847656e-08,44740054.751459904,44740054.75145989,0.009343236751775397
2017-11-03,-1.3271346688270569e-08,44622607.15799894,44622607.15799893,-0.0026251106332660923
2017-11-10,-1.3853423297405243e-08,44744007.36234276,44744007.362342745,0.0027205986399219118
2017-11-17,-7.916241884231567e-09,46832053.03267169,46832053.03267168,0.046666487724706274
2017-11-24,-1.1408701539039612e-08,47436484.78536128,47436484.78536127,0.012906368897983356
2017-12-01,-1.0477378964424133e-09,46616720.717884846,46616720.717884846,-0.017281298797447997
2017-12-08,0.0,45271410.911013104,45271410.911013104,-0.02885895417254447
2017-12-15,9.19681042432785e-09,45942998.48925133,45942998.48925134,0.014834695113839613
2017-12-22,1.2689270079135895e-08,44748736.26233801,44748736.26233803,-0.02599443367181875
2017-12-29,1.4435499906539917e-08,45211391.48444903,45211391.484449044,0.010338956152833312
2018-01-05,1.4901161193847656e-08,46274365.36864869,46274365.36864871,0.023511195946386287
2018-01-12,1.57160684466362e-08,47399204.61995881,47399204.619958825,0.024308042743514502
2018-01-19,1.5366822481155396e-08,48872511.67275848,48872511.6727585,0.031082948851409498
2018-01-26,1.4901161193847656e-08,51598428.32127958,51598428.32127959,0.05577607033527032
2018-02-02,1.4901161193847656e-08,53416596.569995835,53416596.56999585,0.03523689205018732
2018-02-09,1.4784745872020721e-08,52965168.97990007,52965168.979900084,-0.008451073619118121
2018-02-16,1.280568540096283e-08,51661242.7833413,51661242.78334132,-0.02461856011549013
2018-02-23,1.5133991837501526e-08,52213649.348205075,52213649.34820509,0.010692862484560584
2018-03-02,1.525040715932846e-08,50847274.87529512,50847274.87529513,-0.026168913492290224
2018-03-09,1.5832483768463135e-08,51712251.6870884,51712251.687088415,0.01701127177247308
2018-03-16,1.7811544239521027e-08,52411353.9892729,52411353.989272915,0.013519084537543913
2018-03-23,1.7695128917694092e-08,52063596.22976685,52063596.22976687,-0.006635160762632153
2018-03-30,1.7695128917694092e-08,54457178.5562974,54457178.556297414,0.04597420270330921
2018-04-06,1.7695128917694092e-08,56240358.180188745,56240358.18018876,0.03274462010638146
2018-04-13,1.7695128917694092e-08,59226908.50799214,59226908.507992156,0.05310333049862126
2018-04-20,1.8044374883174896e-08,58414330.7296573,58414330.729657315,-0.013719739875080461
2018-04-27,2.0721927285194397e-08,57595135.24563073,57595135.245630756,-0.01402387862351473
2018-05-04,2.0023435354232788e-08,59111022.45933593,59111022.45933595,0.02631970924697491
2018-05-11,2.0954757928848267e-08,59789729.43895952,59789729.43895954,0.011481902213592798
2018-05-18,2.0489096641540527e-08,62150310.598247655,62150310.59824768,0.03948138219454722
2018-05-25,1.792795956134796e-08,59162140.25079179,59162140.2507918,-0.04807973312912339
2018-06-01,1.862645149230957e-08,60557705.58203891,60557705.582038924,0.02358882429424014
2018-06-08,1.862645149230957e-08,60574804.61758784,60574804.617587864,0.00028235936920983917
2018-06-15,1.862645149230957e-08,60839562.300998256,60839562.30099827,0.004370755879145483
2018-06-22,1.862645149230957e-08,57299931.236989,57299931.23698902,-0.05817975886311022
2018-06-29,1.862645149230957e-08,55483524.90905119,55483524.90905121,-0.03169997395677959
2018-07-06,1.862645149230957e-08,53931168.240874805,53931168.24087483,-0.027978695851083923
2018-07-13,1.6763806343078613e-08,54271733.824391015,54271733.82439103,0.006314819326648458
2018-07-20,1.979060471057892e-08,52639887.95818765,52639887.95818767,-0.030068062160747977
2018-07-27,1.885928213596344e-08,52212705.31374884,52212705.31374886,-0.008115189089652475
2018-08-03,1.909211277961731e-08,52430766.30286893,52430766.302868955,0.004176397062932491
2018-08-10,2.0489096641540527e-08,52558246.104099885,52558246.10409991,0.002431393058315301
2018-08-17,1.979060471057892e-08,52240713.3568563,52240713.356856324,-0.006041540020469083
2018-08-24,2.0489096641540527e-08,52490383.54704105,52490383.54704107,0.004779226280454019
2018-08-31,1.9441358745098114e-08,52637234.32266917,52637234.32266919,0.0027976700817304856
2018-09-07,1.862645149230957e-08,52828621.61132123,52828621.611321256,0.0036359677919026723
2018-09-14,1.7345882952213287e-08,54542183.86225576,54542183.862255774,0.032436247599678
2018-09-21,1.7229467630386353e-08,53339379.56935542,53339379.569355436,-0.02205273437414934
2018-09-28,1.8044374883174896e-08,53591822.326599054,53591822.32659907,0.004732765159283225
2018-10-05,1.6880221664905548e-08,52384425.90589115,52384425.905891165,-0.022529489916386702
2018-10-12,1.4901161193847656e-08,49785132.756650686,49785132.7566507,-0.04961957880210632
2018-10-19,1.4901161193847656e-08,49848764.16490655,49848764.16490656,0.001278120690505924
2018-10-26,1.4901161193847656e-08,45693522.140830785,45693522.1408308,-0.08335697170605172
2018-11-02,1.3154931366443634e-08,46050559.39544171,46050559.395441726,0.007813738969618234
2018-11-09,1.2922100722789764e-08,47523887.303046115,47523887.30304613,0.031993702724710804
2018-11-16,1.4784745872020721e-08,48208676.21367063,48208676.21367064,0.014409362312005625
2018-11-23,1.3853423297405243e-08,46997331.110458784,46997331.1104588,-0.025127118152817873
2018-11-30,1.1175870895385742e-08,48017670.3510788,48017670.35107881,0.021710578377778234
2018-12-07,1.1757947504520416e-08,48427543.90461835,48427543.90461837,0.008535890028458004
2018-12-14,1.3271346688270569e-08,49374927.541005164,49374927.54100518,0.019562909038970844
2018-12-21,1.30385160446167e-08,49829303.25435506,49829303.25435507,0.00920255959813887
2018-12-28,1.2922100722789764e-08,48625086.22947391,48625086.229473926,-0.024166844531904985
2019-01-04,1.3154931366443634e-08,48730445.93984945,48730445.939849466,0.002166776833635309
2019-01-11,1.30385160446167e-08,50051842.84705612,50051842.847056136,0.027116454235566412
2019-01-18,1.30385160446167e-08,51208054.092604704,51208054.09260472,0.023100273232328883
2019-01-25,1.3154931366443634e-08,51644315.87735514,51644315.87735516,0.008519397826785235
2019-02-01,1.2922100722789764e-08,51757676.41498048,51757676.41498049,0.0021950244804198604
2019-02-08,1.210719347000122e-08,51639639.08298471,51639639.08298472,-0.002280576335177309
2019-02-15,1.1408701539039612e-08,51266630.98433391,51266630.984333925,-0.007223290194793508
2019-02-22,1.1059455573558807e-08,50930500.56222737,50930500.562227376,-0.006556514747560915
2019-03-01,1.2223608791828156e-08,49996503.83632702,49996503.83632703,-0.018338651998112132
2019-03-08,1.0593794286251068e-08,49253810.83920486,49253810.83920487,-0.014854898645583425
2019-03-15,1.0710209608078003e-08,49920789.940553054,49920789.94055306,0.013541675049786983
2019-03-22,9.778887033462524e-09,49603585.78931325,49603585.78931326,-0.00635414927563327
2019-03-29,9.313225746154785e-09,48881821.38589868,48881821.38589869,-0.014550649755043943
2019-04-05,1.0244548320770264e-08,50089228.18698857,50089228.18698858,0.02470052806661993
2019-04-12,1.0244548320770264e-08,51546323.8764085,51546323.87640851,0.0290900008277315
2019-04-19,1.0244548320770264e-08,51407867.05900229,51407867.059002295,-0.002686065794685777
2019-04-26,1.0128132998943329e-08,50576666.88353965,50576666.883539654,-0.016168734923560413
2019-05-03,1.1292286217212677e-08,51159643.03309138,51159643.033091396,0.011526583016910452
2019-05-10,1.0943040251731873e-08,49485730.95090566,49485730.950905666,-0.03271938549498865
2019-05-17,1.1525116860866547e-08,49214717.33681684,49214717.336816855,-0.005476601211724663
2019-05-24,1.1175870895385742e-08,48682654.51457722,48682654.514577225,-0.010811051064223087
2019-05-31,9.89530235528946e-09,48404475.06301423,48404475.06301424,-0.005714138933810342
2019-06-07,7.916241884231567e-09,49427831.90079774,49427831.90079775,0.021141781549149696
2019-06-14,7.683411240577698e-09,50384193.826633826,50384193.82663383,0.019348652147144874
2019-06-21,8.381903171539307e-09,49987891.23203238,49987891.23203239,-0.007865613489124734
2019-06-28,7.450580596923828e-09,49253591.39380373,49253591.39380374,-0.014689554212643174
2019-07-05,8.032657206058502e-09,49445981.27235858,49445981.27235859,0.0039061086331066974
2019-07-12,9.313225746154785e-09,48708924.342849664,48708924.34284967,-0.014906306044348838
2019-07-19,7.799826562404633e-09,48165429.410663545,48165429.41066355,-0.011158015487277018
2019-07-26,6.6356733441352844e-09,46106892.931507535,46106892.93150754,-0.04273887940673615
2019-08-02,5.820766091346741e-09,46316343.05037276,46316343.050372764,0.004542707294902026
2019-08-09,4.540197551250458e-09,45559825.61102981,45559825.61102982,-0.016333704034452223
2019-08-16,3.3760443329811096e-09,45138991.843914516,45138991.843914516,-0.0092369485938818
2019-08-23,3.725290298461914e-09,45542289.72490315,45542289.72490315,0.00893457883116211
2019-08-30,3.725290298461914e-09,45210959.804666184,45210959.80466619,-0.007275214360945581
2019-09-06,4.0745362639427185e-09,45827382.34930502,45827382.349305026,0.013634360944825952
2019-09-13,3.958120942115784e-09,46143979.181555636,46143979.18155564,0.006908464241694112
2019-09-20,4.423782229423523e-09,46918140.71247331,46918140.71247332,0.016777086515918027
2019-09-27,2.444721758365631e-09,46042019.14719803,46042019.14719803,-0.01867340759823355
2019-10-04,6.170012056827545e-09,44638757.51213696,44638757.512136966,-0.030477847432685
2019-10-11,5.587935447692871e-09,44764256.75961828,44764256.75961829,0.0028114413230968527
2019-10-18,4.773028194904327e-09,44738505.0018528,44738505.00185281,-0.0005752749990637351
2019-10-25,3.725290298461914e-09,44162264.4867423,44162264.4867423,-0.01288019157293352
2019-11-01,5.704350769519806e-09,44629293.35457347,44629293.35457348,0.010575292577476025
2019-11-08,6.05359673500061e-09,44979743.42729611,44979743.42729612,0.007852467435196964
2019-11-15,5.704350769519806e-09,45200923.17995481,45200923.17995482,0.0049173191264688665
2019-11-22,6.6356733441352844e-09,43649131.09324307,43649131.09324308,-0.034330982146840605
2019-11-29,1.30385160446167e-08,43897440.69531379,43897440.695313804,0.005688763919269979
2019-12-06,1.4551915228366852e-08,43663653.22414977,43663653.224149786,-0.005325765408209171
2019-12-13,1.4784745872020721e-08,44472050.82118241,44472050.82118242,0.018514199736853865
2019-12-20,1.3969838619232178e-08,45525520.404583886,45525520.4045839,0.02368835176136508
2019-12-27,1.3969838619232178e-08,45200872.20710743,45200872.20710745,-0.007131125456476206
2020-01-03,1.4319084584712982e-08,46538025.66232557,46538025.66232558,0.02958247020303917
2020-01-10,1.4086253941059113e-08,46433655.32110906,46433655.32110907,-0.002242689493830552
2020-01-17,1.3969838619232178e-08,47544988.77738558,47544988.77738559,0.023933792172749824
2020-01-24,1.3969838619232178e-08,47709142.203699455,47709142.20369947,0.0034525915461347534
2020-01-31,1.3853423297405243e-08,44771412.54086301,44771412.54086302,-0.06157582230871994
2020-02-07,1.3969838619232178e-08,47297622.136069775,47297622.13606979,0.056424612310390865
2020-02-14,1.2689270079135895e-08,47769135.561186776,47769135.56118679,0.009969072520400912
2020-02-21,1.30385160446167e-08,46721853.00673455,46721853.006734565,-0.021923833080688238
2020-02-28,1.30385160446167e-08,42569559.161093496,42569559.16109351,-0.08887262765546855
2020-03-06,1.1059455573558807e-08,44462214.8671899,44462214.86718991,0.0444603078677448
2020-03-13,1.0477378964424133e-08,35837582.3793772,35837582.37937721,-0.19397667240767824
2020-03-20,1.0477378964424133e-08,30165085.08001781,30165085.08001782,-0.15828348127142744
2020-03-27,1.0244548320770264e-08,33630999.52082633,33630999.52082634,0.11489821532459188
2020-04-03,1.0244548320770264e-08,37190469.02558946,37190469.025589466,0.10583894488651424
2020-04-10,9.89530235528946e-09,39779874.303722024,39779874.30372203,0.06962550744791329
2020-04-17,1.0244548320770264e-08,40171466.73820654,40171466.73820655,0.009843983706300463
2020-04-24,9.313225746154785e-09,39993000.44841474,39993000.44841475,-0.0044426132347830105
2020-05-01,1.0244548320770264e-08,40740226.897428595,40740226.8974286,0.018683930703765617
2020-05-08,1.1408701539039612e-08,41810540.64400065,41810540.644000664,0.026271668767746004
2020-05-15,1.1175870895385742e-08,42169045.51954079,42169045.5195408,0.008574509442311529
2020-05-22,1.1408701539039612e-08,42250654.09884073,42250654.09884074,0.001935272147957967
2020-05-29,1.0826624929904938e-08,43017927.44272686,43017927.442726865,0.018160034684697957
2020-06-05,9.080395102500916e-09,44688258.03362834,44688258.033628345,0.03882870910332259
2020-06-12,9.19681042432785e-09,47952415.576795146,47952415.57679515,0.07304284585696985
2020-06-19,1.0943040251731873e-08,52525079.190029755,52525079.19002976,0.09535835803540604
2020-06-26,1.1175870895385742e-08,48869522.83527955,48869522.835279554,-0.0695963987322098
2020-07-03,1.1059455573558807e-08,49295389.35194474,49295389.351944745,0.008714357987505306
2020-07-10,1.1175870895385742e-08,49172588.334202334,49172588.33420235,-0.0024911258305650996
2020-07-17,1.1175870895385742e-08,50748401.24178948,50748401.24178949,0.032046572307259824
2020-07-24,1.1990778148174286e-08,54183930.34304031,54183930.343040325,0.06769728734669567
2020-07-31,1.1874362826347351e-08,53044790.16764174,53044790.16764175,-0.021023579651506252
2020-08-07,1.30385160446167e-08,54688517.17140375,54688517.171403766,0.03098752956826134
2020-08-14,1.30385160446167e-08,54737443.922668055,54737443.92266807,0.0008946439544330609
2020-08-21,1.30385160446167e-08,51859534.578261636,51859534.57826165,-0.05257661187965357
2020-08-28,1.3387762010097504e-08,53230481.912112236,53230481.91211225,0.026435781674470915
2020-09-04,1.30385160446167e-08,56041327.42828958,56041327.42828959,0.05280518633699893
2020-09-11,1.1641532182693481e-08,57172989.096803784,57172989.0968038,0.02019334160066566
2020-09-18,9.546056389808655e-09,56661195.6325407,56661195.63254071,-0.008951665329173797
2020-09-25,1.0244548320770264e-08,53022442.091056004,53022442.09105601,-0.06421949803323512
2020-10-02,1.4668330550193787e-08,54642267.611131966,54642267.61113198,0.030549809782322468
2020-10-09,1.4901161193847656e-08,56517264.55424726,56517264.554247275,0.034314039755065195
2020-10-16,1.1874362826347351e-08,55922054.94081517,55922054.94081519,-0.010531465351809155
2020-10-23,1.7229467630386353e-08,57785590.233536795,57785590.23353681,0.033323798538767546
2020-10-30,1.6763806343078613e-08,56774540.15625287,56774540.15625288,-0.017496577835370952
2020-11-06,1.6763806343078613e-08,58464670.93381666,58464670.93381667,0.029769167181491474
2020-11-13,1.5366822481155396e-08,60970864.15539498,60970864.15539499,0.042866797701049064
2020-11-20,1.862645149230957e-08,62111845.500041366,62111845.50004138,0.01871355048762946
2020-11-27,1.862645149230957e-08,63104860.389844336,63104860.38984436,0.015987528333903933
2020-12-04,1.6530975699424744e-08,64054781.33577469,64054781.335774705,0.015053055185638708
2020-12-11,1.6065314412117004e-08,64876891.032442115,64876891.03244213,0.01283447823134276
2020-12-18,1.83936208486557e-08,65106381.804520115,65106381.80452013,0.0035373269037082267
2020-12-25,1.862645149230957e-08,63995704.195185155,63995704.19518517,-0.017059427640591873
2021-01-01,1.6530975699424744e-08,63604066.63928716,63604066.639287174,-0.006119747580298651
2021-01-08,7.683411240577698e-09,66186900.81910033,66186900.819100335,0.040608003800464365
2021-01-15,7.450580596923828e-09,66241429.82172381,66241429.82172382,0.0008238639662629943
2021-01-22,1.1641532182693481e-09,67129195.65128359,67129195.65128359,0.01340197263176579
2021-01-29,0.0,62806508.63841132,62806508.63841132,-0.06439354696468225
2021-02-05,1.6298145055770874e-09,64365739.75751464,64365739.75751464,0.024825948025229305
2021-02-12,9.313225746154785e-10,65187097.37885612,65187097.37885612,0.012760788960645586
2021-02-19,-6.984919309616089e-10,67633481.92564897,67633481.92564897,0.03752866203836147
2021-02-26,-9.313225746154785e-10,66159449.200612396,66159449.200612396,-0.021794423162436183
2021-03-05,-1.862645149230957e-09,67009715.57057732,67009715.57057732,0.012851775222413098
2021-03-12,-1.862645149230957e-09,68387701.29554442,68387701.29554442,0.02056396916825798
2021-03-19,-9.313225746154785e-10,69071102.96915579,69071102.96915579,0.009993049344618088
2021-03-26,-1.3969838619232178e-09,69898098.38101493,69898098.38101493,0.011973102734850416
2021-04-02,-1.6298145055770874e-09,71428707.47503632,71428707.47503632,0.021897721532823988
2021-04-09,-1.6298145055770874e-09,74473109.56671722,74473109.56671722,0.04262154810437924
2021-04-16,9.313225746154785e-10,76530610.3494646,76530610.3494646,0.027627432166024368
2021-04-23,1.6298145055770874e-09,78322074.19038881,78322074.19038881,0.023408461434500483
2021-04-30,5.122274160385132e-09,77730645.94355197,77730645.94355197,-0.007551233198946794
2021-05-07,-1.3504177331924438e-08,80168521.72894284,80168521.72894283,0.03136312268858843
2021-05-14,-1.7695128917694092e-08,80922382.65051675,80922382.65051673,0.009403452942824408
2021-05-21,-1.885928213596344e-08,79661103.7574229,79661103.75742288,-0.015586279738462494
2021-05-28,-1.932494342327118e-08,81057278.37670067,81057278.37670065,0.017526428249466486
2021-06-04,-1.862645149230957e-08,82514589.03715579,82514589.03715578,0.01797877611536003
2021-06-11,-1.862645149230957e-08,84525498.62837963,84525498.62837961,0.02437035213637606
2021-06-18,-1.862645149230957e-08,85435612.09959333,85435612.09959331,0.01076732448766804
2021-06-25,-2.0489096641540527e-08,85268381.5445817,85268381.54458168,-0.0019573869830380453
2021-07-02,-1.862645149230957e-08,85383874.65850551,85383874.6585055,0.0013544658856159408
2021-07-09,-1.862645149230957e-08,83027672.18715614,83027672.18715613,-0.02759540347370104
2021-07-16,-1.885928213596344e-08,85022627.42283449,85022627.42283447,0.024027594452864287
2021-07-23,-1.862645149230957e-08,84244305.88525265,84244305.88525264,-0.009154287054798704
2021-07-30,-1.862645149230957e-08,83390401.9478684,83390401.94786839,-0.010136043361165914
2021-08-06,-1.862645149230957e-08,84230513.1854103,84230513.18541029,0.010074435641491464
2021-08-13,-2.0023435354232788e-08,81923967.2914083,81923967.29140829,-0.027383733124417553
2021-08-20,-1.6996636986732483e-08,76330636.34084003,76330636.34084001,-0.06827465924193432
2021-08-27,-1.6763806343078613e-08,80110129.531142,80110129.53114198,0.04951476067126381
2021-09-03,-1.6298145055770874e-08,83023986.29238026,83023986.29238024,0.036373137558160185
2021-09-10,-1.7695128917694092e-08,82900886.19901206,82900886.19901204,-0.0014827051658865553
2021-09-17,-2.0256265997886658e-08,81466082.64723428,81466082.64723426,-0.017307457345309807
2021-09-24,-2.0256265997886658e-08,80365271.02739546,80365271.02739544,-0.013512514460841007
2021-10-01,-2.9802322387695312e-08,78397873.24329464,78397873.24329461,-0.02448069618816029
2021-10-08,-3.5157427191734314e-08,75069229.01556084,75069229.0155608,-0.042458348549888836
2021-10-15,-3.4226104617118835e-08,77622484.29356249,77622484.29356246,0.03401200880153432
2021-10-22,-3.585591912269592e-08,78001467.60218936,78001467.60218933,0.004882390870067921
2021-10-29,-3.4924596548080444e-08,76734131.6528665,76734131.65286647,-0.01624759108105922
2021-11-05,-3.5390257835388184e-08,75507089.82494628,75507089.82494625,-0.015990821834945157
2021-11-12,-3.725290298461914e-08,74910776.63064396,74910776.63064393,-0.007897446394567686
2021-11-19,-3.632158041000366e-08,75847024.87751864,75847024.87751861,0.012498178352774891
2021-11-26,-4.237517714500427e-08,72817772.22142549,72817772.22142544,-0.03993897797553625
2021-12-03,-4.0978193283081055e-08,71686854.93060605,71686854.93060601,-0.015530786734047952
2021-12-10,-4.1443854570388794e-08,73043204.10962161,73043204.10962157,0.018920472663063848
2021-12-17,-4.470348358154297e-08,73470844.14004646,73470844.14004642,0.005854617628534786
2021-12-24,-4.470348358154297e-08,73620499.36414108,73620499.36414103,0.0020369335053418425
2021-12-31,-4.6333298087120056e-08,73845953.20255043,73845953.20255038,0.0030623785542964743
2022-01-07,-4.284083843231201e-08,75467975.19858286,75467975.19858281,0.02196494087608869
2022-01-14,-4.284083843231201e-08,74082199.87623869,74082199.87623864,-0.01836242881431105
2022-01-21,-4.330649971961975e-08,71470958.95011441,71470958.95011437,-0.03524788586848937
2022-01-28,-4.1211023926734924e-08,68429195.86078669,68429195.86078665,-0.04255942740954166
2022-02-04,-4.0279701352119446e-08,71404184.95979084,71404184.9597908,0.043475435617517766
2022-02-11,-4.353933036327362e-08,71041967.53610331,71041967.53610326,-0.005072775830877507
2022-02-18,-4.470348358154297e-08,71040122.72471432,71040122.72471428,-2.5967909574653447e-05
2022-02-25,-4.423782229423523e-08,69623490.52963461,69623490.52963457,-0.019941297125418367
2022-03-04,-4.377216100692749e-08,71202854.00109042,71202854.00109038,0.0226843477602372
2022-03-11,-4.237517714500427e-08,69334080.00953569,69334080.00953564,-0.026245773681011664
2022-03-18,-4.237517714500427e-08,70691060.09810841,70691060.09810837,0.019571617426611843
2022-03-25,-4.237517714500427e-08,77595096.53047426,77595096.53047422,0.09766491580100944
2022-04-01,-4.1676685214042664e-08,80242369.67279854,80242369.6727985,0.034116500406499384
2022-04-08,-4.190951585769653e-08,78165845.12707482,78165845.12707478,-0.025878155819563764
2022-04-15,-4.284083843231201e-08,82612531.83524577,82612531.83524573,0.0568878478949717
2022-04-22,-4.284083843231201e-08,84419599.04116769,84419599.04116765,0.021874008286366875
2022-04-29,-4.307366907596588e-08,83677356.58275998,83677356.58275993,-0.008792300210354709
2022-05-06,-4.284083843231201e-08,81910937.6295668,81910937.62956676,-0.021109879964314127
2022-05-13,-4.284083843231201e-08,80080183.80790013,80080183.80790009,-0.022350541632743304
2022-05-20,-4.284083843231201e-08,79673411.99429944,79673411.9942994,-0.00507955644278324
2022-05-27,-4.1443854570388794e-08,79903510.75404172,79903510.75404167,0.0028880244234894548
2022-06-03,-3.91155481338501e-08,80955201.572043,80955201.57204296,0.013162010130425728
2022-06-10,-3.91155481338501e-08,79436317.6391889,79436317.63918886,-0.018762030151977638
2022-06-17,-3.91155481338501e-08,74690958.29544987,74690958.29544982,-0.05973790685128599
2022-06-24,-4.7497451305389404e-08,74767751.47583029,74767751.47583024,0.0010281456033360836
2022-07-01,-4.842877388000488e-08,75153504.08571517,75153504.08571513,0.0051593448013425025
2022-07-08,-4.842877388000488e-08,74501705.75296243,74501705.75296238,-0.008672893442325025
2022-07-15,-4.842877388000488e-08,72733375.06927107,72733375.06927103,-0.02373543888451224
2022-07-22,-4.889443516731262e-08,74630068.17082304,74630068.170823,0.026077342069518394
2022-07-29,-4.866160452365875e-08,76820490.9833308,76820490.98333076,0.029350406159271314
2022-08-05,-4.842877388000488e-08,77623423.2520324,77623423.25203235,0.010452058538337416
2022-08-12,-4.819594323635101e-08,79885314.22170785,79885314.2217078,0.029139283928916848
2022-08-19,-4.819594323635101e-08,78552373.22748011,78552373.22748007,-0.016685682558979398
2022-08-26,-4.7963112592697144e-08,78887602.71351326,78887602.71351321,0.004267592082321192
2022-09-02,-4.6798959374427795e-08,77362461.09630463,77362461.09630458,-0.019333096262885596
2022-09-09,-4.284083843231201e-08,78810761.32956518,78810761.32956514,0.018720968965266538
2022-09-16,-4.21423465013504e-08,79190875.66178766,79190875.66178761,0.004823127271070815
2022-09-23,-3.91155481338501e-08,77901664.05165918,77901664.05165914,-0.016279799905667303
2022-09-30,-4.0046870708465576e-08,72620204.45225379,72620204.45225374,-0.06779649271552257
2022-10-07,-4.0279701352119446e-08,74259425.33214682,74259425.33214678,0.022572518106455997
2022-10-14,-4.0046870708465576e-08,72522035.53023162,72522035.53023158,-0.023396219323597256
2022-10-21,-3.725290298461914e-08,72442542.83659585,72442542.8365958,-0.0010961177944687206
2022-10-28,-3.818422555923462e-08,74895910.73092088,74895910.73092084,0.03386639670916769
2022-11-04,-3.888271749019623e-08,78424405.42931132,78424405.42931128,0.04711198066697242
2022-11-11,-3.888271749019623e-08,80468465.89468093,80468465.89468089,0.02606408622647516
2022-11-18,-3.725290298461914e-08,79878138.5369164,79878138.53691638,-0.0073361328714424134
2022-11-25,-3.67872416973114e-08,82834396.3885079,82834396.38850787,0.03700959869295439
2022-12-02,-3.67872416973114e-08,85018160.2008641,85018160.20086408,0.026363007489231594
2022-12-09,-3.655441105365753e-08,81705456.42244081,81705456.42244078,-0.03896466085124273
2022-12-16,-3.562308847904205e-08,79468676.78991842,79468676.7899184,-0.027376135333699092
2022-12-23,-3.3527612686157227e-08,78273460.77117059,78273460.77117056,-0.015040089592877948
2022-12-30,-3.3527612686157227e-08,77106298.20819306,77106298.20819303,-0.014911344809317661
2023-01-06,-3.213062882423401e-08,77477162.34934995,77477162.34934992,0.004809777537958304
2023-01-13,-2.6542693376541138e-08,79655486.50746754,79655486.50746751,0.028115693606528547
2023-01-20,-2.561137080192566e-08,79674987.83446988,79674987.83446985,0.00024482088877220143
2023-01-27,-2.60770320892334e-08,81324493.82231288,81324493.82231285,0.02070293366432585
2023-02-03,-2.60770320892334e-08,80847390.41912955,80847390.41912952,-0.005866663052656151
2023-02-10,-2.60770320892334e-08,81854372.70862906,81854372.70862903,0.012455346848910143
2023-02-17,-2.60770320892334e-08,81129525.08916774,81129525.08916771,-0.008855331675944766
2023-02-24,-2.60770320892334e-08,81412276.58322513,81412276.5832251,0.003485186111303218
2023-03-03,-2.60770320892334e-08,82631615.8734445,82631615.87344447,0.014977339307946647
2023-03-10,-2.6542693376541138e-08,81168309.68532376,81168309.68532373,-0.017708793089099006
2023-03-17,-2.6542693376541138e-08,78991916.05510783,78991916.0551078,-0.026813341791315448
2023-03-24,-2.7008354663848877e-08,79028834.94186081,79028834.94186078,0.000467375506212786
2023-03-31,-2.7008354663848877e-08,81362198.05489746,81362198.05489743,0.029525465164116804
2023-04-07,-2.7008354663848877e-08,82868650.80841428,82868650.80841425,0.018515389081553257
2023-04-14,-2.7008354663848877e-08,83926548.25773829,83926548.25773826,0.01276595478511866
2023-04-21,-2.60770320892334e-08,84467195.84622955,84467195.84622952,0.006441913789078102
2023-04-28,-2.60770320892334e-08,80256459.3474563,80256459.34745628,-0.049850553893594274
2023-05-05,-2.7008354663848877e-08,80009011.03176893,80009011.0317689,-0.0030832199389221326
2023-05-12,-2.8172507882118225e-08,80510436.34873456,80510436.34873453,0.006267110547917287
2023-05-19,-2.8172507882118225e-08,80205607.44028817,80205607.44028814,-0.0037862036559583867
2023-05-26,-2.7939677238464355e-08,79777924.0382164,79777924.03821637,-0.00533233792151222
2023-06-02,-2.421438694000244e-08,80766186.02728283,80766186.0272828,0.012387662388821052
2023-06-09,-2.421438694000244e-08,81675997.59111227,81675997.59111224,0.011264758292809596
2023-06-16,-2.421438694000244e-08,80860803.61508077,80860803.61508074,-0.009980826681940669
2023-06-23,-2.421438694000244e-08,80812157.11855222,80812157.1185522,-0.000601607878646937
2023-06-30,-2.3981556296348572e-08,80518607.40292984,80518607.40292981,-0.003632494492032179
2023-07-07,-2.561137080192566e-08,77891881.4938024,77891881.49380237,-0.0326225948740374
2023-07-14,-2.60770320892334e-08,80006644.30633971,80006644.30633968,0.027149977275944703
2023-07-21,-2.6775524020195007e-08,79025703.19719996,79025703.19719993,-0.01226074556237855
2023-07-28,-2.7241185307502747e-08,80300038.03438541,80300038.03438538,0.016125574156619527
2023-08-04,-3.282912075519562e-08,81322385.00557245,81322385.00557242,0.012731587633237007
2023-08-11,-3.795139491558075e-08,82535855.03795493,82535855.03795488,0.014921722134678017
2023-08-18,-3.632158041000366e-08,79131457.2448812,79131457.24488117,-0.041247501361779904
2023-08-25,-3.4226104617118835e-08,81618534.5649046,81618534.56490457,0.03142969189012734
2023-09-01,-3.329478204250336e-08,82192205.54517934,82192205.54517931,0.00702868513056365
2023-09-08,-3.259629011154175e-08,81427777.65145773,81427777.6514577,-0.009300491313637083
2023-09-15,-3.096647560596466e-08,82719889.50278254,82719889.50278251,0.015868194964813398
2023-09-22,-3.189779818058014e-08,81077745.74667001,81077745.74666998,-0.019851861093906464
2023-09-29,-3.306195139884949e-08,80242648.78150149,80242648.78150146,-0.01029995293379038
2023-10-06,-3.3993273973464966e-08,78823610.88784868,78823610.88784865,-0.017684335140989882
2023-10-13,-3.3527612686157227e-08,80782867.50720145,80782867.50720142,0.02485621500060975
2023-10-20,-3.4691765904426575e-08,79361404.55462085,79361404.55462082,-0.017596094276473684
2023-10-27,-3.329478204250336e-08,77090432.73180123,77090432.7318012,-0.028615569943153063
2023-11-03,-3.3527612686157227e-08,78767697.99850568,78767697.99850565,0.021757113136719353
2023-11-10,-3.3760443329811096e-08,78081500.6072125,78081500.60721247,-0.008711659839369723
2023-11-17,-2.8172507882118225e-08,79042154.24376902,79042154.24376899,0.012303216883459589
2023-11-24,-2.421438694000244e-08,79378357.6845797,79378357.68457967,0.004253470113856128
2023-12-01,-2.444721758365631e-08,81309124.24765748,81309124.24765745,0.024323589192282613
2023-12-08,-2.2351741790771484e-08,84095657.64707778,84095657.64707777,0.03427085736322644
2023-12-15,-2.2351741790771484e-08,83856198.55088127,83856198.55088124,-0.0028474608903287235
2023-12-22,-2.2584572434425354e-08,83483840.46212721,83483840.46212718,-0.004440436070186515
2023-12-29,-2.1886080503463745e-08,82676710.99554005,82676710.99554004,-0.009668092197474998
2024-01-05,-2.0489096641540527e-08,82868734.3086993,82868734.30869928,0.0023225804564190877
2024-01-12,-2.0489096641540527e-08,82628500.31127097,82628500.31127095,-0.002898970274282431
2024-01-19,-2.0489096641540527e-08,80844318.33667664,80844318.33667663,-0.02159281564923854
2024-01-26,-2.0721927285194397e-08,81289211.99085903,81289211.99085902,0.0055030911675155725
2024-02-02,-2.0489096641540527e-08,87092769.4778824,87092769.47788239,0.07139394447169667
2024-02-09,-2.0489096641540527e-08,87254264.76944469,87254264.76944467,0.0018542904598217724
2024-02-16,-2.1886080503463745e-08,88073687.19100738,88073687.19100736,0.00939120195130716
2024-02-23,-2.0023435354232788e-08,88824312.469168,88824312.46916799,0.008522696188848489
2024-03-01,-2.3748725652694702e-08,87239443.93267111,87239443.93267109,-0.01784273350888066
2024-03-08,-2.1187588572502136e-08,88418292.01605198,88418292.01605196,0.013512787682263161
2024-03-15,-2.0489096641540527e-08,89651168.29959673,89651168.29959671,0.013943679021993782
2024-03-22,-2.3050233721733093e-08,90627623.09029205,90627623.09029202,0.010891712949374854
2024-03-29,-2.3050233721733093e-08,90355355.16958553,90355355.1695855,-0.0030042487204510193
2024-04-05,-2.1187588572502136e-08,89403498.68658505,89403498.68658504,-0.010534588472525419
2024-04-12,-2.2351741790771484e-08,88842420.08419578,88842420.08419576,-0.006275801401869119
2024-04-19,-2.2584572434425354e-08,86273880.52729407,86273880.52729404,-0.028911184031992
2024-04-26,-2.2351741790771484e-08,89162661.52523729,89162661.52523726,0.03348384215810607
2024-05-03,-2.0954757928848267e-08,89607071.17695826,89607071.17695825,0.004984257357494748
2024-05-10,-2.0489096641540527e-08,91152816.66522565,91152816.66522564,0.017250262372874747
2024-05-17,-2.8172507882118225e-08,92025893.74490836,92025893.74490833,0.009578168965301614
2024-05-24,-2.2351741790771484e-08,91221870.32406996,91221870.32406995,-0.008736925968544251
2024-05-31,-1.862645149230957e-08,91517755.92154516,91517755.92154515,0.00324358179046369
2024-06-07,-1.862645149230957e-08,92496565.49634978,92496565.49634977,0.010695296939358112
2024-06-14,-1.6298145055770874e-08,93126704.06814812,93126704.0681481,0.006812561833154929
2024-06-21,-1.4668330550193787e-08,92661011.63236561,92661011.6323656,-0.005000632637462643
2024-06-28,-1.6065314412117004e-08,92812422.69951722,92812422.6995172,0.0016340320970413824
2024-07-05,-1.5133991837501526e-08,91864720.16445437,91864720.16445436,-0.010210944909078257
2024-07-12,-1.3504177331924438e-08,94762249.15956527,94762249.15956526,0.03154125969059507
2024-07-19,-8.614733815193176e-09,93444193.46839958,93444193.46839957,-0.01390907985886114
2024-07-26,-7.450580596923828e-09,91539954.39257571,91539954.39257571,-0.02037835637660912
2024-08-02,-9.313225746154785e-09,91059419.43161318,91059419.43161316,-0.005249455979645101
2024-08-09,-3.725290298461914e-09,90302446.70304622,90302446.70304622,-0.00831295359987927
2024-08-16,1.6298145055770874e-09,91443820.32861389,91443820.32861389,0.012639454048471332
2024-08-23,-1.1641532182693481e-09,91430056.33044808,91430056.33044808,-0.00015051862571302532
2024-08-30,0.0,91901168.18823329,91901168.18823329,0.005152702258899522
2024-09-06,0.0,89253083.37122267,89253083.37122267,-0.028814484834259857
2024-09-13,9.313225746154785e-10,91661192.37759453,91661192.37759453,0.02698068139961074
2024-09-20,4.656612873077393e-10,92937657.74211416,92937657.74211416,0.013925908352373062
2024-09-27,2.3283064365386963e-10,93809614.43798387,93809614.43798387,0.009382167756898374
2024-10-04,3.958120942115784e-09,93109167.58108523,93109167.58108523,-0.007466685169692178
2024-10-11,2.3283064365386963e-10,94813522.96718884,94813522.96718884,0.018304914869089917
2024-10-18,1.6298145055770874e-09,93845378.78610063,93845378.78610063,-0.01021103478480856
2024-10-25,-2.3283064365386963e-10,92178394.58580726,92178394.58580726,-0.017763093099052663
2024-11-01,-4.190951585769653e-09,92205532.97194915,92205532.97194915,0.0002944115729486274
2024-11-08,-6.984919309616089e-10,92430707.92226946,92430707.92226946,0.0024420980288548666
2024-11-15,-1.6298145055770874e-09,90123940.26347116,90123940.26347116,-0.024956723914072
2024-11-22,-1.1641532182693481e-09,89938372.19294307,89938372.19294307,-0.0020590319285375136
2024-11-29,-7.450580596923828e-09,89237533.93992554,89237533.93992552,-0.007792427591574058
2024-12-06,-1.1175870895385742e-08,88387840.69016808,88387840.69016807,-0.009521702497174211
2024-12-13,-1.4435499906539917e-08,92860066.76931569,92860066.76931567,0.0505977524083252
2024-12-20,-1.885928213596344e-08,90972291.95112683,90972291.95112681,-0.020329242524437352
2024-12-27,-2.0256265997886658e-08,89027377.11992146,89027377.11992145,-0.021379200078307736
2025-01-03,-2.2118911147117615e-08,90600103.46299486,90600103.46299484,0.017665648410094104
2025-01-10,-2.2351741790771484e-08,90372905.33632603,90372905.336326,-0.0025077027286358744
2025-01-17,-2.3050233721733093e-08,91390369.74212906,91390369.74212903,0.011258511630410695
2025-01-24,-2.2351741790771484e-08,92592317.82192898,92592317.82192895,0.013151802352823205
2025-01-31,-1.932494342327118e-08,91656238.78564747,91656238.78564745,-0.010109683592560481
2025-02-07,-1.5366822481155396e-08,91769786.54199947,91769786.54199946,0.0012388437258217255
2025-02-14,-1.5133991837501526e-08,94134257.63359001,94134257.63359,0.025765245629163713
2025-02-21,-1.4435499906539917e-08,95026682.32336453,95026682.32336451,0.009480339168851826
2025-02-28,-1.4435499906539917e-08,94117152.55654822,94117152.55654821,-0.009571309284704732
2025-03-07,-1.4901161193847656e-08,94509742.56692973,94509742.56692971,0.0041712907766267016
2025-03-14,-1.4668330550193787e-08,93292171.75743009,93292171.75743008,-0.012883019003436358
2025-03-21,-1.4202669262886047e-08,92242011.43127617,92242011.43127616,-0.011256682167121723
2025-03-28,-1.30385160446167e-08,88788516.1094877,88788516.10948768,-0.037439505797870254
2025-04-04,-1.1175870895385742e-08,89016728.68800272,89016728.6880027,0.002570293868112472
2025-04-11,-1.234002411365509e-08,89985101.98944567,89985101.98944566,0.010878554129269746
2025-04-18,-1.257285475730896e-08,92702457.98399416,92702457.98399414,0.03019784313704732
2025-04-25,-1.1175870895385742e-08,94963007.8625247,94963007.86252469,0.024385004752741857
2025-05-02,-1.1175870895385742e-08,93977979.34343249,93977979.34343247,-0.010372760312291396
2025-05-09,-1.257285475730896e-08,93082708.66608518,93082708.66608517,-0.009526387815550152
2025-05-16,-1.3271346688270569e-08,92602276.70259857,92602276.70259856,-0.005161344898224507
2025-05-23,-1.5832483768463135e-08,92561638.5506096,92561638.55060959,-0.00043884614327016624
2025-05-30,-1.5599653124809265e-08,96839437.03756756,96839437.03756754,0.046215673727718176
2025-06-06,-1.4901161193847656e-08,101082370.82961008,101082370.82961006,0.04381411046820238
2025-06-13,-1.4668330550193787e-08,101432328.72177553,101432328.72177552,0.003462106095190043
2025-06-20,-1.4901161193847656e-08,101763080.35362858,101763080.35362856,0.0032608107890363947
2025-06-27,-1.4901161193847656e-08,101796974.92181431,101796974.9218143,0.00033307333138843376
2025-07-04,-1.4901161193847656e-08,102278935.87655166,102278935.87655164,0.0047345312088844516
2025-07-11,-1.6298145055770874e-08,109685006.20698725,109685006.20698723,0.07241051411968691
2025-07-18,-1.5832483768463135e-08,107724690.9125482,107724690.91254818,-0.017872226681008074
2025-07-25,-1.6996636986732483e-08,104151526.25046504,104151526.25046502,-0.033169412061566206
2025-08-01,-1.6763806343078613e-08,99458902.52886836,99458902.52886835,-0.04505573648831407
2025-08-08,-1.6530975699424744e-08,103422090.92802988,103422090.92802987,0.03984749779449048
2025-08-15,-1.6763806343078613e-08,102610873.08207877,102610873.08207875,-0.007843757930939832
2025-08-22,-1.5366822481155396e-08,102014299.36650516,102014299.36650515,-0.005813942496097901
2025-08-29,-1.6996636986732483e-08,103720741.94085762,103720741.9408576,0.016727484136530135
2025-09-05,-1.6763806343078613e-08,104489271.90769315,104489271.90769313,0.007409607301823495
2025-09-12,-1.6298145055770874e-08,107372160.42634866,107372160.42634864,0.027590282389968968
2025-09-19,-1.6065314412117004e-08,107856608.13822772,107856608.1382277,0.004511855866133674
2025-09-26,-1.885928213596344e-08,105239376.72065137,105239376.72065136,-0.024265842054129183
2025-10-03,-1.83936208486557e-08,105723642.96202657,105723642.96202655,0.004601568884816221
2025-10-10,-1.862645149230957e-08,105330293.52331173,105330293.52331172,-0.0037205437468336156
2025-10-17,-1.4901161193847656e-08,104833572.14577097,104833572.14577095,-0.004715845374824057
2025-10-24,-1.4901161193847656e-08,106732059.70774877,106732059.70774876,0.01810953803365556
2025-10-31,-1.4901161193847656e-08,106901719.62936033,106901719.62936032,0.0015895872531281885
2025-11-07,-1.4901161193847656e-08,104231484.52128574,104231484.52128573,-0.02497841117367039
2025-11-14,-1.4435499906539917e-08,107337387.03669515,107337387.03669514,0.029798122224529378
2025-11-21,-1.3969838619232178e-09,104387515.52673689,104387515.52673689,-0.027482237004239574
2025-11-28,-3.958120942115784e-09,104738932.11312994,104738932.11312994,0.00336646182850342
2025-12-05,6.984919309616089e-09,107005841.2629247,107005841.2629247,0.02164342431280697
2025-12-12,1.4901161193847656e-08,79355414.39396778,79355414.39396779,-0.25840109794582966
2025-12-19,22065735.84489187,64030525.64229952,86096261.48719138,0.084945017863028
2025-12-26,39415574.28606865,48459476.09776828,87875050.38383693,0.020660466156363633
2026-01-02,50018273.54564875,41121095.760416985,91139369.30606574,0.03714727795853667
2026-01-09,54120691.88435407,36661183.813931726,90781875.69828579,-0.003922493764241586
2026-01-16,61642572.59936178,32889718.23261401,94532290.83197579,0.04131237766175411
2026-01-23,67788996.2766173,28957815.64771617,96746811.92433347,0.023426080896461476
2026-01-30,69792080.12949823,29416498.43072352,99208578.56022175,0.025445454862260908
2026-02-06,69792080.12949823,29585026.98592719,99377107.11542542,0.0016987296627919424
2026-02-13,72121751.80987619,29235844.137933917,101357595.94781011,0.019929024801299322
2026-02-20,76545175.54316823,25626994.8637976,102172170.40696584,0.00803663949937361
2026-02-27,85246932.56897235,17814484.154173765,103061416.72314611,0.00870341025974386
2026-03-06,85246932.56897235,15836144.935661102,101083077.50463346,-0.01919573087013804
2026-03-13,87258222.01265147,13276196.412645599,100534418.42529707,-0.005427803474931214
2026-03-20,87258222.01265147,13784145.066453513,101042367.07910499,0.005052485126627149
2026-03-27,89532716.83707589,10986571.43803662,100519288.27511251,-0.005176826504697418
2026-04-03,92354037.28664972,7710533.680210846,100064570.96686056,-0.004523682131606699
2026-04-10,99515416.57747489,3051623.124284574,102567039.70175947,0.02500853909349865
2026-04-17,101652176.3946729,3282964.229958617,104935140.62463152,0.02308832281557427
2026-04-24,101652176.3946729,3194586.728914601,104846763.1235875,-0.000842210726720749
2026-05-01,104739821.14864771,0.0,104739821.14864771,-0.0010199835622367592
2026-05-08,104739821.14864771,0.0,104739821.14864771,0.0
2026-05-15,106642152.57917807,0.0,106642152.57917807,0.01816244681027812
2026-05-22,112805399.7295134,0.0,112805399.7295134,0.05779372416324158
