date,equity
2009-01-02,100000000.00
2009-01-02,100000000.00
2009-01-02,100000000.00
2009-01-02,100000000.00
2009-01-02,100000000.00
2009-01-02,100000000.00
2009-01-02,100000000.00
2009-01-02,100000000.00
2009-01-02,100000000.00
2009-01-02,100000000.00
2009-01-02,100000000.00
2009-01-02,100000000.00
2009-01-02,100000000.00
2009-01-02,100000000.00
2009-01-02,100000000.00
2009-01-02,100000000.00
2009-01-02,100000000.00
2009-01-02,100000000.00
2009-01-02,100000000.00
2009-01-02,100000000.00
2009-01-16,100010318.31
2009-01-16,100010318.31
2009-01-31,98949219.43
2009-01-31,98503552.76
2009-01-31,97585534.17
2009-01-31,97064912.18
2009-01-31,97442495.13
2009-01-31,98260995.44
2009-01-31,98151318.82
2009-01-31,98479696.31
2009-01-31,98526521.83
2009-01-31,99367091.63
2009-01-31,99532580.17
2009-01-31,99626089.24
2009-01-31,100077585.51
2009-01-31,99332195.80
2009-02-06,99332195.80
2009-02-06,99332195.80
2009-02-06,99332195.80
2009-02-06,99332195.80
2009-02-06,99332195.80
2009-02-06,99332195.80
2009-02-06,99332195.80
2009-02-06,99332195.80
2009-02-06,99332195.80
2009-02-06,99332195.80
2009-02-06,99332195.80
2009-02-06,99332195.80
2009-02-06,99332195.80
2009-02-06,99332195.80
2009-02-20,98266783.60
2009-02-20,97628441.48
2009-02-20,97628441.48
2009-02-20,97628441.48
2009-02-28,96322245.33
2009-02-28,95303832.10
2009-02-28,94785075.19
2009-02-28,94645321.91
2009-02-28,94539227.88
2009-03-06,94009529.77
2009-03-06,93690996.25
2009-03-06,93690996.25
2009-03-06,93690996.25
2009-03-06,93690996.25
2009-03-06,93690996.25
2009-03-06,93690996.25
2009-03-06,93690996.25
2009-03-06,93690996.25
2009-03-31,93345685.88
2009-03-31,92848747.44
2009-03-31,92201720.31
2009-04-03,92201720.31
2009-04-03,92201720.31
2009-04-03,92201720.31
2009-06-19,91782687.01
2009-06-19,91782687.01
2009-06-30,91353779.84
2009-07-03,91353779.84
2009-07-10,90753689.42
2009-07-10,90753689.42
2009-07-17,90696859.17
2009-09-25,91444940.94
2009-09-25,91444940.94
2009-09-25,91444940.94
2009-09-30,91619342.96
2009-09-30,92103638.04
2009-09-30,93013863.46
2009-09-30,92154646.72
2009-09-30,91749522.83
2009-10-02,91749522.83
2009-10-02,91749522.83
2009-10-02,91749522.83
2009-10-02,91749522.83
2009-10-02,91749522.83
2009-10-16,90949887.00
2009-10-16,90949887.00
2009-10-23,91437682.51
2009-10-23,91437682.51
2009-10-30,90875295.14
2009-10-30,90875295.14
2009-10-31,93958285.78
2009-10-31,93945360.35
2009-11-06,93945360.35
2009-11-06,93945360.35
2009-11-27,98083955.14
2009-11-27,98083955.14
2009-11-30,107421829.79
2009-11-30,108005881.90
2009-12-04,108005881.90
2009-12-04,108005881.90
2009-12-31,116334171.39
2009-12-31,115909135.75
2010-01-01,115909135.75
2010-01-01,115909135.75
2010-01-15,114770875.33
2010-01-15,114770875.33
2010-01-22,114087776.98
2010-01-22,114087776.98
2010-01-29,114970755.38
2010-01-29,114970755.38
2010-01-31,115528519.34
2010-01-31,114965403.77
2010-01-31,113525557.73
2010-01-31,112777938.78
2010-01-31,112580417.12
2010-01-31,112390040.20
2010-02-05,112298779.19
2010-02-05,112298779.19
2010-02-05,112298779.19
2010-02-05,112298779.19
2010-02-05,112298779.19
2010-02-05,112298779.19
2010-02-05,112298779.19
2010-02-05,112298779.19
2010-02-12,112061025.88
2010-02-12,112061025.88
2010-02-19,113268078.55
2010-02-19,116102168.12
2010-02-19,116102168.12
2010-02-19,116102168.12
2010-02-26,115682008.93
2010-02-26,115682008.93
2010-02-28,115129329.81
2010-02-28,115016798.56
2010-03-05,120724405.69
2010-03-05,120724405.69
2010-03-05,120724405.69
2010-03-05,120724405.69
2010-03-12,120747305.37
2010-03-12,120747305.37
2010-03-31,120210499.48
2010-04-02,120210499.48
2010-04-23,117000465.31
2010-04-23,118623462.55
2010-04-23,118623462.55
2010-04-23,118623462.55
2010-04-30,118476490.72
2010-04-30,118476490.72
2010-05-07,119216314.99
2010-05-07,119427379.37
2010-05-07,119062926.37
2010-05-07,119062926.37
2010-05-07,119062926.37
2010-05-07,119062926.37
2010-05-14,118851036.67
2010-05-14,118341455.39
2010-05-14,118341455.39
2010-05-14,118341455.39
2010-05-21,117447760.55
2010-05-21,117429952.51
2010-05-21,117080890.94
2010-05-21,117080890.94
2010-05-21,117080890.94
2010-05-21,117080890.94
2010-05-28,116401807.38
2010-05-28,116401807.38
2010-05-31,116213633.09
2010-05-31,115883289.62
2010-05-31,115604487.93
2010-06-04,115604487.93
2010-06-04,115604487.93
2010-06-04,115604487.93
2010-06-18,115339105.38
2010-06-18,115339105.38
2010-06-25,115102145.09
2010-06-25,115102145.09
2010-06-30,114850742.65
2010-06-30,114435571.71
2010-07-02,113920451.73
2010-07-02,113920451.73
2010-07-02,113920451.73
2010-07-02,113920451.73
2010-07-16,113796953.12
2010-07-16,113796953.12
2010-08-13,113450780.14
2010-08-13,113450780.14
2010-08-20,113322802.65
2010-08-20,113322802.65
2010-08-27,113370864.97
2010-08-27,113370864.97
2010-09-30,112940206.14
2010-10-01,112940206.14
2010-10-29,112143921.57
2010-10-29,112143921.57
2010-10-31,117317778.33
2010-11-05,117317778.33
2010-11-12,116902452.94
2010-11-12,116902452.94
2010-11-26,122383411.02
2010-11-26,122383411.02
2010-11-30,122218468.86
2010-12-03,122218468.86
2010-12-10,121943216.19
2010-12-10,121943216.19
2010-12-31,121833814.91
2011-01-31,129225639.79
2011-01-31,129878967.57
2011-02-04,129878967.57
2011-02-04,129878967.57
2011-02-04,129878967.57
2011-02-11,128547308.13
2011-02-11,128422448.00
2011-02-11,128422448.00
2011-02-11,128422448.00
2011-02-18,129385836.30
2011-02-18,131071097.28
2011-02-18,131071097.28
2011-02-18,131071097.28
2011-02-25,131080248.07
2011-02-25,128794402.41
2011-02-25,128794402.41
2011-02-25,128794402.41
2011-02-28,129051433.86
2011-02-28,130615919.99
2011-02-28,129394837.66
2011-02-28,128598666.90
2011-02-28,127998024.03
2011-03-04,127272738.60
2011-03-04,127272738.60
2011-03-04,127272738.60
2011-03-04,127272738.60
2011-03-04,127272738.60
2011-03-04,127272738.60
2011-03-04,127272738.60
2011-03-11,126927137.54
2011-03-11,126927137.54
2011-03-18,126500791.40
2011-03-18,126476684.94
2011-03-18,126476684.94
2011-03-18,126476684.94
2011-03-31,128808879.39
2011-04-01,128808879.39
2011-05-13,129763454.13
2011-05-13,129763454.13
2011-05-20,129769999.19
2011-05-20,129542559.87
2011-05-20,129834607.97
2011-05-20,129834607.97
2011-05-20,129834607.97
2011-05-20,129834607.97
2011-05-27,129691161.25
2011-05-27,129691161.25
2011-05-31,131956741.57
2011-05-31,130740644.33
2011-05-31,128575646.99
2011-05-31,128005432.78
2011-06-03,127265550.98
2011-06-03,127265550.98
2011-06-03,127265550.98
2011-06-03,127265550.98
2011-06-03,127265550.98
2011-06-03,127265550.98
2011-06-10,126679412.05
2011-06-10,126283499.23
2011-06-10,128292585.22
2011-06-10,128292585.22
2011-06-10,128292585.22
2011-06-10,128292585.22
2011-06-17,128478706.11
2011-06-17,126953395.47
2011-06-17,126953395.47
2011-06-17,126953395.47
2011-06-24,127342526.30
2011-06-24,127342526.30
2011-06-30,130658376.10
2011-06-30,130784521.98
2011-06-30,129776482.85
2011-07-01,132158481.95
2011-07-01,132158481.95
2011-07-01,132158481.95
2011-07-01,132158481.95
2011-07-01,132158481.95
2011-07-08,131859436.99
2011-07-08,131859436.99
2011-07-15,131530559.74
2011-07-15,131103036.08
2011-07-15,131103036.08
2011-07-15,131103036.08
2011-07-22,130644840.25
2011-07-22,130403458.39
2011-07-22,130403458.39
2011-07-22,130403458.39
2011-08-05,130285809.26
2011-08-05,129625301.79
2011-08-05,129625301.79
2011-08-05,129625301.79
2011-08-12,128299975.45
2011-08-12,127900889.37
2011-08-12,127044621.30
2011-08-12,126471243.30
2011-08-12,126471243.30
2011-08-12,126471243.30
2011-08-12,126471243.30
2011-08-12,126471243.30
2011-08-19,146577745.23
2011-08-19,146205525.43
2011-08-19,146205525.43
2011-08-19,146205525.43
2011-08-26,143582581.00
2011-08-26,142610824.07
2011-08-26,142610824.07
2011-08-26,142610824.07
2011-08-31,142604791.02
2011-08-31,141707841.62
2011-09-02,141707841.62
2011-09-02,141707841.62
2011-09-09,141158947.25
2011-09-09,140524252.20
2011-09-09,140524252.20
2011-09-09,140524252.20
2011-09-23,140080820.79
2011-09-23,138446302.95
2011-09-23,138097244.00
2011-09-23,137742486.08
2011-09-23,137742486.08
2011-09-23,137742486.08
2011-09-23,137742486.08
2011-09-23,137742486.08
2011-09-30,142121473.80
2011-09-30,141403079.05
2011-09-30,139763001.32
2011-09-30,139160135.84
2011-09-30,136717284.97
2011-09-30,135776198.31
2011-09-30,135776198.31
2011-09-30,135776198.31
2011-09-30,135776198.31
2011-09-30,135776198.31
2011-09-30,135776198.31
2011-09-30,135776198.31
2011-10-07,133864353.52
2011-10-07,133864353.52
2011-10-21,133777034.21
2011-10-21,132300190.39
2011-10-21,132300190.39
2011-10-21,132300190.39
2011-10-31,131707573.85
2011-11-04,131707573.85
2011-11-18,131686072.51
2011-11-25,131320614.57
2011-11-25,129339944.12
2011-11-25,129339944.12
2011-11-25,129339944.12
2011-11-25,129339944.12
2011-11-30,129501582.66
2011-11-30,128719875.30
2011-11-30,127736221.92
2011-11-30,127590152.66
2011-11-30,127376669.37
2011-12-02,127376669.37
2011-12-02,127376669.37
2011-12-02,127376669.37
2011-12-02,127376669.37
2011-12-02,127376669.37
2011-12-16,127830344.71
2011-12-16,127830344.71
2011-12-23,127492079.67
2011-12-23,127492079.67
2011-12-30,127018717.49
2011-12-30,126365458.89
2011-12-30,126365458.89
2011-12-30,126365458.89
2011-12-31,128779091.18
2011-12-31,129095996.73
2011-12-31,128568653.90
2011-12-31,128259826.64
2011-12-31,128079696.82
2011-12-31,127877609.17
2012-01-06,127877609.17
2012-01-06,127877609.17
2012-01-06,127877609.17
2012-01-06,127877609.17
2012-01-06,127877609.17
2012-01-06,127877609.17
2012-01-20,127899916.86
2012-01-20,127899916.86
2012-01-27,127452550.19
2012-01-27,127452550.19
2012-01-31,127379525.35
2012-01-31,127133720.44
2012-02-03,127133720.44
2012-02-03,127133720.44
2012-02-29,126504256.05
2012-02-29,126485604.41
2012-03-02,126538993.96
2012-03-02,126538993.96
2012-03-02,126538993.96
2012-03-02,126538993.96
2012-03-23,126445718.26
2012-03-23,125581249.46
2012-03-23,125581249.46
2012-03-23,125581249.46
2012-03-31,125420979.25
2012-03-31,125377546.99
2012-03-31,124968361.75
2012-03-31,124575200.10
2012-04-06,124575200.10
2012-04-06,124575200.10
2012-04-06,124575200.10
2012-04-06,124575200.10
2012-04-20,125015041.09
2012-04-20,125015041.09
2012-04-27,123783003.33
2012-04-27,123783003.33
2012-04-30,123350390.31
2012-04-30,122262894.39
2012-04-30,121856750.13
2012-04-30,119402994.50
2012-04-30,118911200.02
2012-05-04,119401634.55
2012-05-04,119345800.63
2012-05-04,119345800.63
2012-05-04,119345800.63
2012-05-04,119345800.63
2012-05-04,119345800.63
2012-05-04,119345800.63
2012-05-04,119345800.63
2012-05-04,119345800.63
2012-05-11,119161494.58
2012-05-11,119092571.99
2012-05-11,119092571.99
2012-05-11,119092571.99
2012-05-18,118542875.04
2012-05-18,118098581.75
2012-05-18,117739474.36
2012-05-18,117504369.03
2012-05-18,116921244.03
2012-05-18,116921244.03
2012-05-18,116921244.03
2012-05-18,116921244.03
2012-05-18,116921244.03
2012-05-18,116921244.03
2012-05-31,117027430.34
2012-05-31,117122999.58
2012-06-01,117086676.55
2012-06-01,117086676.55
2012-06-01,117086676.55
2012-06-01,117086676.55
2012-06-30,116770776.05
2012-07-06,116770776.05
2012-07-20,116158075.24
2012-07-20,117942293.08
2012-07-20,117449680.73
2012-07-20,117449680.73
2012-07-20,117449680.73
2012-07-20,117449680.73
2012-07-31,116968535.78
2012-07-31,118144218.84
2012-08-03,117802058.36
2012-08-03,117802058.36
2012-08-03,117802058.36
2012-08-03,117802058.36
2012-08-24,118647613.51
2012-08-24,118647613.51
2012-09-21,118915766.31
2012-09-21,118915766.31
2012-09-28,118874710.44
2012-09-28,118874710.44
2012-09-30,118243125.23
2012-10-05,118278746.36
2012-10-05,118278746.36
2012-10-05,118278746.36
2012-10-12,118577232.94
2012-10-12,118577232.94
2012-10-26,118816498.13
2012-10-26,118816498.13
2012-10-31,121431110.90
2012-10-31,120003154.58
2012-11-02,120003154.58
2012-11-02,120003154.58
2012-11-09,119271994.44
2012-11-09,118744664.87
2012-11-09,118744664.87
2012-11-09,118744664.87
2012-11-16,118292183.38
2012-11-16,117738851.80
2012-11-16,115930596.21
2012-11-16,115930596.21
2012-11-16,115930596.21
2012-11-16,115930596.21
2012-11-23,115387227.21
2012-11-23,115387227.21
2012-11-30,115374620.14
2012-11-30,116520621.44
2012-11-30,116289829.31
2012-11-30,116346107.42
2012-11-30,116346107.42
2012-11-30,116346107.42
2012-11-30,116346107.42
2012-11-30,116346107.42
2012-12-07,115563458.09
2012-12-07,115563458.09
2012-12-14,115145534.93
2012-12-14,115145534.93
2012-12-21,114820352.11
2012-12-21,118370539.74
2012-12-21,118370539.74
2012-12-21,118370539.74
2012-12-28,118292899.50
2012-12-28,118292899.50
2012-12-31,118072058.32
2012-12-31,118066862.92
2013-01-04,118066862.92
2013-01-04,118066862.92
2013-01-11,117969676.60
2013-01-11,117969676.60
2013-01-25,121198216.72
2013-01-25,121198216.72
2013-01-31,120837534.97
2013-02-01,124242324.62
2013-02-01,124242324.62
2013-02-01,124242324.62
2013-03-08,125774598.32
2013-03-08,125774598.32
2013-03-15,124751209.56
2013-03-15,124751209.56
2013-03-31,123498184.73
2013-04-05,123000213.46
2013-04-05,123000213.46
2013-04-05,123000213.46
2013-04-19,122801287.03
2013-04-19,122869924.06
2013-04-19,122869924.06
2013-04-19,122869924.06
2013-05-03,125648085.23
2013-05-03,125648085.23
2013-05-17,128282490.27
2013-05-17,128282490.27
2013-05-31,128252490.53
2013-05-31,128252490.53
2013-06-07,128671083.33
2013-06-07,128961246.20
2013-06-07,129754440.36
2013-06-07,129754440.36
2013-06-07,129754440.36
2013-06-07,129754440.36
2013-06-21,130390323.26
2013-06-21,130736424.46
2013-06-21,130659224.06
2013-06-21,130659224.06
2013-06-21,130659224.06
2013-06-21,130659224.06
2013-06-30,133079980.41
2013-06-30,132853051.20
2013-06-30,132613322.35
2013-07-05,132613322.35
2013-07-05,132613322.35
2013-07-05,132613322.35
2013-07-31,132120640.36
2013-08-02,132120640.36
2013-08-30,131140516.86
2013-08-30,131140516.86
2013-08-31,130707177.29
2013-09-06,130707177.29
2013-09-30,133214031.71
2013-09-30,133209914.69
2013-09-30,132984369.95
2013-10-04,132865788.23
2013-10-04,132865788.23
2013-10-04,132865788.23
2013-10-04,132865788.23
2013-10-04,132865788.23
2013-10-11,134746335.98
2013-10-11,134746335.98
2013-10-18,134751845.25
2013-10-18,134671119.76
2013-10-18,140471109.18
2013-10-18,140565741.53
2013-10-18,140486057.25
2013-10-18,140486057.25
2013-10-18,140486057.25
2013-10-18,140486057.25
2013-10-18,140486057.25
2013-10-18,140486057.25
2013-10-25,140242563.81
2013-10-25,140242563.81
2013-10-31,140850214.73
2013-10-31,140551835.10
2013-10-31,140465737.54
2013-11-01,140465737.54
2013-11-01,140465737.54
2013-11-01,140465737.54
2013-11-08,139404835.45
2013-11-08,139404835.45
2013-11-22,139078372.61
2013-11-22,138793775.57
2013-11-22,138793775.57
2013-11-22,138793775.57
2013-11-30,139927896.53
2013-11-30,140160788.89
2013-11-30,139238453.98
2013-11-30,138894932.66
2013-11-30,138900097.25
2013-12-06,138900097.25
2013-12-06,138900097.25
2013-12-06,138900097.25
2013-12-06,138900097.25
2013-12-06,138900097.25
2013-12-13,138109567.34
2013-12-13,138109567.34
2013-12-20,137642678.70
2013-12-20,137021767.44
2013-12-20,137021767.44
2013-12-20,137021767.44
2013-12-27,136462777.57
2013-12-27,136462777.57
2013-12-31,143183144.64
2013-12-31,143100578.83
2013-12-31,142769937.87
2013-12-31,142337969.39
2013-12-31,142344708.85
2013-12-31,142510751.68
2014-01-03,142510751.68
2014-01-03,142510751.68
2014-01-03,142510751.68
2014-01-03,142510751.68
2014-01-03,142510751.68
2014-01-03,142510751.68
2014-01-10,140356166.38
2014-01-10,137686329.63
2014-01-10,137686329.63
2014-01-10,137686329.63
2014-01-24,137270219.77
2014-01-24,137029157.89
2014-01-24,136725359.34
2014-01-24,136725359.34
2014-01-24,136725359.34
2014-01-24,136725359.34
2014-01-31,135930478.45
2014-01-31,136014212.00
2014-01-31,136018943.11
2014-01-31,135742858.11
2014-01-31,135573844.76
2014-01-31,135387718.41
2014-01-31,135158738.40
2014-01-31,135158738.40
2014-01-31,135158738.40
2014-01-31,135158738.40
2014-01-31,135158738.40
2014-01-31,135158738.40
2014-01-31,135158738.40
2014-01-31,135158738.40
2014-02-07,138098790.47
2014-02-07,138098790.47
2014-02-21,138045668.74
2014-02-21,138045668.74
2014-02-28,138061437.17
2014-02-28,137944057.92
2014-02-28,137944057.92
2014-02-28,137944057.92
2014-03-28,137266959.01
2014-03-28,137266959.01
2014-04-11,136536728.55
2014-04-11,136581235.16
2014-04-11,136581235.16
2014-04-11,136581235.16
2014-04-18,136579887.00
2014-04-18,136579887.00
2014-05-23,140447473.87
2014-05-23,140447473.87
2014-07-11,137925390.87
2014-07-11,137853605.94
2014-07-11,137853605.94
2014-07-11,137853605.94
2014-07-18,138467474.88
2014-07-18,138467474.88
2014-07-31,138214491.06
2014-08-01,138214491.06
2014-08-08,138526989.91
2014-08-08,138526989.91
2014-08-22,138534787.25
2014-08-29,143501873.74
2014-08-29,143501873.74
2014-08-29,143501873.74
2014-09-05,157297889.35
2014-09-05,157297889.35
2014-09-26,158318970.89
2014-09-26,158318970.89
2014-09-30,157794338.42
2014-10-03,157794338.42
2014-10-17,159905351.68
2014-10-17,159032879.67
2014-10-17,159032879.67
2014-10-17,159032879.67
2014-10-31,159507909.55
2014-10-31,161345734.83
2014-10-31,161342022.95
2014-10-31,160694826.29
2014-10-31,160694826.29
2014-10-31,160694826.29
2014-10-31,160694826.29
2014-10-31,160694826.29
2014-11-21,159927256.06
2014-11-21,158965410.64
2014-11-21,158965410.64
2014-11-21,158965410.64
2014-11-28,158374606.37
2014-11-28,158374606.37
2014-11-30,162324472.33
2014-11-30,162056499.01
2014-12-05,162056499.01
2014-12-05,162056499.01
2014-12-12,163549522.57
2014-12-12,163521252.54
2014-12-12,163521252.54
2014-12-12,163521252.54
2014-12-19,163547688.58
2014-12-19,163547688.58
2014-12-31,159651643.38
2014-12-31,162628987.28
2015-01-02,162628987.28
2015-01-02,162628987.28
2015-01-09,164465210.96
2015-01-09,164220937.96
2015-01-09,164220937.96
2015-01-09,164220937.96
2015-01-31,163237927.70
2015-01-31,162954589.57
2015-02-06,162954589.57
2015-02-06,162954589.57
2015-02-20,162698510.07
2015-02-20,162698510.07
2015-03-20,162616095.46
2015-03-20,162616095.46
2015-03-31,162891936.08
2015-04-03,162891936.08
2015-04-30,164091350.99
2015-05-01,164091350.99
2015-05-31,163572600.14
2015-06-05,163572600.14
2015-06-12,199894809.28
2015-06-12,199894809.28
2015-06-26,200711946.00
2015-06-26,200711946.00
2015-06-30,204838129.46
2015-07-03,204838129.46
2015-07-31,214978667.95
2015-07-31,214509240.52
2015-07-31,212979496.78
2015-07-31,212979496.78
2015-07-31,212979496.78
2015-07-31,212979496.78
2015-08-14,211924087.03
2015-08-14,211924087.03
2015-08-21,213938491.63
2015-08-21,211166545.94
2015-08-21,211313071.10
2015-08-21,210512626.60
2015-08-21,210512626.60
2015-08-21,210512626.60
2015-08-21,210512626.60
2015-08-21,210512626.60
2015-08-31,215873368.71
2015-08-31,219135718.32
2015-08-31,219176118.95
2015-08-31,217683117.71
2015-09-04,226651051.25
2015-09-04,226155471.22
2015-09-04,225268312.56
2015-09-04,225268312.56
2015-09-04,225268312.56
2015-09-04,225268312.56
2015-09-04,225268312.56
2015-09-04,225268312.56
2015-09-04,225268312.56
2015-09-04,225268312.56
2015-09-11,225311069.60
2015-09-11,225311069.60
2015-09-30,225997682.57
2015-09-30,226051910.01
2015-10-02,226051910.01
2015-10-02,226051910.01
2015-10-23,225606068.49
2015-10-23,225606068.49
2015-10-31,236880536.87
2015-10-31,238241657.90
2015-10-31,236292388.42
2015-11-06,237835859.62
2015-11-06,237835859.62
2015-11-06,237835859.62
2015-11-06,237835859.62
2015-11-06,237835859.62
2015-11-13,236726107.03
2015-11-13,235604989.08
2015-11-13,235604989.08
2015-11-13,235604989.08
2015-11-27,236498263.47
2015-11-27,236498263.47
2015-11-30,236265667.80
2015-11-30,237179010.77
2015-12-04,237179010.77
2015-12-04,237179010.77
2015-12-11,240004665.02
2015-12-11,240004665.02
2015-12-31,241071339.24
2015-12-31,240095948.90
2015-12-31,240073312.37
2016-01-01,240073312.37
2016-01-01,240073312.37
2016-01-01,240073312.37
2016-01-22,239468057.42
2016-01-22,239138999.80
2016-01-22,239081009.89
2016-01-22,239081009.89
2016-01-22,239081009.89
2016-01-22,239081009.89
2016-01-31,242555861.47
2016-01-31,241988876.42
2016-01-31,239291118.98
2016-01-31,239003394.21
2016-02-05,239003394.21
2016-02-05,239003394.21
2016-02-05,239003394.21
2016-02-05,239003394.21
2016-02-12,240160522.82
2016-02-12,240160522.82
2016-02-29,235326117.21
2016-02-29,234969646.74
2016-02-29,233932171.90
2016-02-29,234164796.99
2016-02-29,234069068.23
2016-03-04,234069068.23
2016-03-04,234069068.23
2016-03-04,234069068.23
2016-03-04,234069068.23
2016-03-04,234069068.23
2016-03-31,234565967.70
2016-03-31,253554382.83
2016-03-31,252233001.24
2016-03-31,252152830.36
2016-04-01,253631896.73
2016-04-01,253631896.73
2016-04-01,253631896.73
2016-04-01,253631896.73
2016-04-01,253631896.73
2016-04-01,253631896.73
2016-04-22,253629880.01
2016-04-30,253094233.63
2016-04-30,250745385.02
2016-04-30,250951620.68
2016-05-06,250951620.68
2016-05-06,250951620.68
2016-05-06,250951620.68
2016-05-06,250951620.68
2016-05-20,250331246.88
2016-05-20,250312284.94
2016-05-20,250312284.94
2016-05-20,250312284.94
2016-05-27,249051758.17
2016-05-27,249362376.34
2016-05-27,249362376.34
2016-05-27,249362376.34
2016-05-31,252316795.28
2016-06-03,251846417.20
2016-06-03,251846417.20
2016-06-03,251846417.20
2016-06-17,250887348.93
2016-06-17,251116227.55
2016-06-17,251116227.55
2016-06-17,251116227.55
2016-06-24,250730622.76
2016-06-24,253175134.85
2016-06-24,252623975.17
2016-06-24,252356470.03
2016-06-24,252120761.13
2016-06-24,252120761.13
2016-06-24,252120761.13
2016-06-24,252120761.13
2016-06-24,252120761.13
2016-06-24,252120761.13
2016-06-30,246966302.73
2016-06-30,246775593.58
2016-06-30,245591236.63
2016-06-30,245110008.82
2016-06-30,244658274.76
2016-07-01,244658274.76
2016-07-01,244658274.76
2016-07-01,244658274.76
2016-07-01,244658274.76
2016-07-01,244658274.76
2016-07-08,245248299.50
2016-07-08,245248299.50
2016-07-29,244872997.03
2016-07-29,244872997.03
2016-08-26,245075722.47
2016-08-26,248241109.84
2016-08-26,248241109.84
2016-08-26,248241109.84
2016-08-31,247002885.31
2016-08-31,247545830.80
2016-09-02,247545830.80
2016-09-02,247545830.80
2016-09-09,247338040.60
2016-09-09,247338040.60
2016-09-30,247279525.15
2016-09-30,247654600.92
2016-09-30,247654600.92
2016-09-30,247654600.92
2016-10-14,252068649.58
2016-10-14,251833028.70
2016-10-14,251833028.70
2016-10-14,251833028.70
2016-10-21,253194918.96
2016-10-21,253194918.96
2016-10-28,252246587.30
2016-10-28,258433376.31
2016-10-28,257761541.75
2016-10-28,257761541.75
2016-10-28,257761541.75
2016-10-28,257761541.75
2016-10-31,257524331.79
2016-10-31,255989530.50
2016-10-31,255246641.28
2016-10-31,254976922.36
2016-10-31,254234388.32
2016-10-31,252968679.49
2016-10-31,247974454.17
2016-10-31,247541851.14
2016-10-31,247195743.93
2016-11-04,246581999.93
2016-11-04,246581999.93
2016-11-04,246581999.93
2016-11-04,246581999.93
2016-11-04,246581999.93
2016-11-04,246581999.93
2016-11-04,246581999.93
2016-11-04,246581999.93
2016-11-04,246581999.93
2016-11-04,246581999.93
2016-11-04,246581999.93
2016-11-25,244705451.13
2016-11-25,242730290.80
2016-11-25,242730290.80
2016-11-25,242730290.80
2016-11-30,243639179.86
2016-11-30,241786176.41
2016-11-30,240764977.75
2016-11-30,240471975.38
2016-12-02,239742526.88
2016-12-02,239742526.88
2016-12-02,239742526.88
2016-12-02,239742526.88
2016-12-02,239742526.88
2016-12-02,239742526.88
2016-12-23,237338708.05
2016-12-23,237338708.05
2016-12-30,236874255.16
2016-12-30,236874255.16
2016-12-31,236549064.60
2016-12-31,235024487.45
2016-12-31,234362013.21
2016-12-31,234343592.57
2017-01-06,234224904.60
2017-01-06,234224904.60
2017-01-06,234224904.60
2017-01-06,234224904.60
2017-01-06,234224904.60
2017-01-06,234224904.60
2017-01-13,234008257.54
2017-01-13,233665952.57
2017-01-13,233665952.57
2017-01-13,233665952.57
2017-01-20,232002650.45
2017-01-20,233934553.95
2017-01-20,233575869.89
2017-01-20,233575869.89
2017-01-20,233575869.89
2017-01-20,233575869.89
2017-01-31,233059190.50
2017-01-31,231090854.29
2017-01-31,230426533.44
2017-01-31,230421064.03
2017-02-03,230421064.03
2017-02-03,230421064.03
2017-02-03,230421064.03
2017-02-03,230421064.03
2017-02-10,229804361.26
2017-02-10,229304483.26
2017-02-10,229304483.26
2017-02-10,229304483.26
2017-02-17,231578217.47
2017-02-17,231578217.47
2017-02-24,230865084.94
2017-02-24,230865084.94
2017-02-28,230107130.27
2017-02-28,231877283.59
2017-02-28,231440058.26
2017-02-28,231008307.18
2017-02-28,230537190.29
2017-03-03,230929678.45
2017-03-03,230463889.51
2017-03-03,230463889.51
2017-03-03,230463889.51
2017-03-03,230463889.51
2017-03-03,230463889.51
2017-03-03,230463889.51
2017-03-03,230463889.51
2017-03-03,230463889.51
2017-03-10,229757620.79
2017-03-10,229757620.79
2017-03-17,229581287.65
2017-03-17,229856874.78
2017-03-17,229856874.78
2017-03-17,229856874.78
2017-03-24,230698805.01
2017-03-24,229869647.06
2017-03-24,229869647.06
2017-03-24,229869647.06
2017-03-31,229588501.88
2017-03-31,230228231.01
2017-03-31,230019640.55
2017-03-31,230019640.55
2017-03-31,230019640.55
2017-03-31,230019640.55
2017-04-28,228886690.43
2017-04-28,228886690.43
2017-04-30,227791896.95
2017-04-30,227323055.34
2017-05-05,227323055.34
2017-05-05,227323055.34
2017-05-12,226502974.77
2017-05-12,226502974.77
2017-05-19,226620737.93
2017-05-19,226620737.93
2017-05-26,227851627.10
2017-05-26,227408783.57
2017-05-26,227631566.04
2017-05-26,223100138.01
2017-05-26,223100138.01
2017-05-26,223100138.01
2017-05-26,223100138.01
2017-05-26,223100138.01
2017-05-31,222647557.89
2017-06-02,222647557.89
2017-06-23,222966166.42
2017-06-23,222966166.42
2017-06-30,222525277.00
2017-06-30,223969280.17
2017-06-30,223546312.61
2017-06-30,223499767.50
2017-06-30,223499767.50
2017-06-30,223499767.50
2017-06-30,223499767.50
2017-06-30,223499767.50
2017-07-14,222111484.49
2017-07-14,222111484.49
2017-07-21,225596044.78
2017-07-21,225596044.78
2017-07-28,225066739.52
2017-07-28,225066739.52
2017-08-04,223917077.89
2017-08-04,224189382.18
2017-08-04,224189382.18
2017-08-04,224189382.18
2017-08-11,222985835.07
2017-08-11,222613230.76
2017-08-11,222613230.76
2017-08-11,222613230.76
2017-08-31,222768774.71
2017-08-31,222407747.54
2017-09-01,222407747.54
2017-09-01,222407747.54
2017-09-08,221986094.07
2017-09-08,221558276.95
2017-09-08,225046705.39
2017-09-08,224729357.23
2017-09-08,224729357.23
2017-09-08,224729357.23
2017-09-08,224729357.23
2017-09-08,224729357.23
2017-09-22,224289290.47
2017-09-22,223781385.18
2017-09-22,223529228.37
2017-09-22,223529228.37
2017-09-22,223529228.37
2017-09-22,223529228.37
2017-09-29,222985412.50
2017-09-29,222985412.50
2017-09-30,220770267.57
2017-10-13,220770267.57
2017-10-27,220518250.29
2017-10-27,220518250.29
2017-10-31,220467299.75
2017-10-31,219936963.29
2017-11-03,222640923.00
2017-11-03,222640923.00
2017-11-03,222640923.00
2017-11-03,222640923.00
2017-11-10,222497425.21
2017-11-10,222497425.21
2017-11-17,222178019.20
2017-11-17,221536612.27
2017-11-17,220077666.64
2017-11-17,223505719.61
2017-11-17,223505719.61
2017-11-17,223505719.61
2017-11-17,223505719.61
2017-11-17,223505719.61
2017-11-30,224427782.96
2017-11-30,224158200.54
2017-11-30,224258071.66
2017-11-30,223852668.10
2017-11-30,223128798.27
2017-12-01,223197142.28
2017-12-01,223453705.21
2017-12-01,223453705.21
2017-12-01,223453705.21
2017-12-01,223453705.21
2017-12-01,223453705.21
2017-12-01,223453705.21
2017-12-01,223453705.21
2017-12-01,223453705.21
2017-12-08,222352053.87
2017-12-08,222951457.48
2017-12-08,222951457.48
2017-12-08,222951457.48
2017-12-22,229625792.02
2017-12-22,229625792.02
2017-12-29,228979934.24
2017-12-29,228979934.24
2017-12-31,228520793.04
2017-12-31,227949688.72
2017-12-31,228042470.65
2017-12-31,227721197.42
2017-12-31,227445304.25
2017-12-31,227423140.67
2018-01-05,225948269.93
2018-01-05,228079746.38
2018-01-05,228079746.38
2018-01-05,228079746.38
2018-01-05,228079746.38
2018-01-05,228079746.38
2018-01-05,228079746.38
2018-01-05,228079746.38
2018-01-05,228079746.38
2018-01-05,228079746.38
2018-01-19,227643759.21
2018-01-19,227643759.21
2018-01-31,228038375.59
2018-01-31,228216480.51
2018-02-02,228216480.51
2018-02-02,228216480.51
2018-02-09,229156379.38
2018-02-09,229156379.38
2018-02-16,228184659.10
2018-02-16,227924584.81
2018-02-16,227297295.03
2018-02-16,228170682.53
2018-02-16,228170682.53
2018-02-16,228170682.53
2018-02-16,228170682.53
2018-02-16,228170682.53
2018-02-23,227986641.71
2018-03-23,227716551.05
2018-03-23,227716551.05
2018-03-23,227716551.05
2018-03-31,229961638.08
2018-03-31,229559334.76
2018-03-31,228867314.50
2018-03-31,227895125.29
2018-04-06,227895125.29
2018-04-06,227895125.29
2018-04-06,227895125.29
2018-04-06,227895125.29
2018-04-20,260884461.30
2018-04-20,260884461.30
2018-04-27,261662859.00
2018-04-27,265539643.90
2018-04-27,263721310.10
2018-04-27,263721310.10
2018-04-27,263721310.10
2018-04-27,263721310.10
2018-04-30,263473563.66
2018-04-30,263705386.65
2018-05-04,263705386.65
2018-05-04,263705386.65
2018-05-11,264234444.25
2018-05-11,264234444.25
2018-05-18,263994895.43
2018-05-18,263036355.27
2018-05-18,263036355.27
2018-05-18,263036355.27
2018-05-31,264096354.64
2018-05-31,260791232.10
2018-06-01,261095036.61
2018-06-01,261095036.61
2018-06-01,261095036.61
2018-06-01,261095036.61
2018-06-22,258599123.72
2018-06-22,279848132.31
2018-06-22,279763144.33
2018-06-22,279763144.33
2018-06-22,279763144.33
2018-06-22,279763144.33
2018-06-29,278604599.02
2018-06-29,275800126.20
2018-06-29,275800126.20
2018-06-29,275800126.20
2018-06-30,272807739.41
2018-06-30,271151257.19
2018-07-06,269231170.26
2018-07-06,269341934.91
2018-07-06,269341934.91
2018-07-06,269341934.91
2018-07-06,269341934.91
2018-07-06,269341934.91
2018-07-13,267836885.83
2018-07-13,267836885.83
2018-07-31,269190539.50
2018-07-31,268301178.20
2018-07-31,268440164.53
2018-07-31,267130851.63
2018-07-31,265272675.67
2018-07-31,264433974.77
2018-07-31,263618430.02
2018-07-31,262847308.06
2018-08-03,262847308.06
2018-08-03,262847308.06
2018-08-03,262847308.06
2018-08-03,262847308.06
2018-08-03,262847308.06
2018-08-03,262847308.06
2018-08-03,262847308.06
2018-08-03,262847308.06
2018-08-10,261138839.15
2018-08-10,261138839.15
2018-08-31,261253898.09
2018-08-31,261421692.90
2018-08-31,261421692.90
2018-08-31,261421692.90
2018-09-07,260032962.53
2018-09-07,260032962.53
2018-09-28,262404818.77
2018-09-28,262404818.77
2018-09-30,261188488.93
2018-09-30,262418387.53
2018-09-30,262037307.33
2018-09-30,262016893.62
2018-09-30,261460138.28
2018-09-30,261373937.92
2018-10-05,261718862.49
2018-10-05,261989461.21
2018-10-05,261989461.21
2018-10-05,261989461.21
2018-10-05,261989461.21
2018-10-05,261989461.21
2018-10-05,261989461.21
2018-10-05,261989461.21
2018-10-05,261989461.21
2018-10-05,261989461.21
2018-10-12,262565244.84
2018-10-12,261977819.60
2018-10-12,260375782.55
2018-10-12,259793177.37
2018-10-12,259793177.37
2018-10-12,259793177.37
2018-10-12,259793177.37
2018-10-12,259793177.37
2018-10-19,259358242.49
2018-10-19,258880481.06
2018-10-19,258880481.06
2018-10-19,258880481.06
2018-10-26,254331899.85
2018-10-26,253538478.67
2018-10-26,254469107.08
2018-10-26,254073310.78
2018-10-26,251187926.28
2018-10-26,251187926.28
2018-10-26,251187926.28
2018-10-26,251187926.28
2018-10-26,251187926.28
2018-10-26,251187926.28
2018-10-31,283756235.55
2018-10-31,293467020.27
2018-10-31,293556889.31
2018-10-31,291126411.76
2018-10-31,286796882.65
2018-10-31,284554238.77
2018-10-31,283943244.11
2018-10-31,283290000.92
2018-10-31,282180453.65
2018-10-31,280231057.64
2018-10-31,277194468.28
2018-10-31,277052893.91
2018-11-02,275608533.72
2018-11-02,275608533.72
2018-11-02,275608533.72
2018-11-02,275608533.72
2018-11-02,275608533.72
2018-11-02,275608533.72
2018-11-02,275608533.72
2018-11-02,275608533.72
2018-11-02,275608533.72
2018-11-02,275608533.72
2018-11-02,275608533.72
2018-11-02,275608533.72
2018-11-02,275608533.72
2018-11-02,275608533.72
2018-11-16,275473995.35
2018-11-16,275473995.35
2018-11-30,275101347.39
2018-11-30,273785329.91
2018-11-30,272480973.79
2018-11-30,272210753.56
2018-11-30,271054487.60
2018-11-30,269926194.39
2018-11-30,269926194.39
2018-11-30,269926194.39
2018-11-30,269926194.39
2018-11-30,269926194.39
2018-11-30,269926194.39
2018-11-30,269926194.39
2018-12-21,266360574.78
2018-12-21,267080635.37
2018-12-21,267080635.37
2018-12-21,267080635.37
2018-12-28,265761270.30
2018-12-28,265372106.29
2018-12-28,264287336.58
2018-12-28,264287336.58
2018-12-28,264287336.58
2018-12-28,264287336.58
2018-12-31,262253690.04
2018-12-31,261987507.37
2018-12-31,260013305.84
2019-01-04,259029359.34
2019-01-04,259029359.34
2019-01-04,259029359.34
2019-01-04,259029359.34
2019-01-04,259029359.34
2019-01-18,261541491.25
2019-01-18,261541491.25
2019-01-31,260957163.28
2019-02-01,260957163.28
2019-02-28,262118754.99
2019-02-28,262121221.79
2019-02-28,261510856.68
2019-02-28,261357955.34
2019-03-01,259371294.83
2019-03-01,259371294.83
2019-03-01,259371294.83
2019-03-01,259371294.83
2019-03-01,259371294.83
2019-03-01,259371294.83
2019-03-08,258740964.72
2019-03-08,258637819.60
2019-03-08,258926905.20
2019-03-08,259614291.55
2019-03-08,259614291.55
2019-03-08,259614291.55
2019-03-08,259614291.55
2019-03-08,259614291.55
2019-03-22,258567310.79
2019-03-22,258567310.79
2019-03-29,258170359.86
2019-03-29,257108318.73
2019-03-29,257108318.73
2019-03-29,257108318.73
2019-03-31,256538164.36
2019-03-31,255734642.01
2019-03-31,255629521.08
2019-03-31,253720166.27
2019-04-05,253720166.27
2019-04-05,253720166.27
2019-04-05,253720166.27
2019-04-05,253720166.27
2019-04-30,253471499.82
2019-04-30,252897056.91
2019-04-30,251975576.74
2019-05-03,251975576.74
2019-05-03,251975576.74
2019-05-03,251975576.74
2019-05-10,251824018.35
2019-05-10,251824018.35
2019-05-17,251994012.32
2019-05-17,251994012.32
2019-05-24,251397909.90
2019-05-24,251397909.90
2019-06-21,252137277.94
2019-06-21,252137277.94
2019-06-28,252550146.61
2019-06-28,252550146.61
2019-07-05,254418849.50
2019-07-05,254418849.50
2019-07-12,254582051.73
2019-07-12,259485861.48
2019-07-12,259485861.48
2019-07-12,259485861.48
2019-07-19,260872567.10
2019-07-26,257808736.73
2019-07-26,256893006.98
2019-07-26,256577225.69
2019-07-26,254396193.41
2019-07-26,254396193.41
2019-07-26,254396193.41
2019-07-26,254396193.41
2019-07-26,254396193.41
2019-07-26,254396193.41
2019-07-31,255947839.74
2019-07-31,255714532.65
2019-07-31,254223869.98
2019-07-31,253911018.63
2019-07-31,253993868.26
2019-07-31,253841821.69
2019-08-02,251204887.47
2019-08-02,251204887.47
2019-08-02,251204887.47
2019-08-02,251204887.47
2019-08-02,251204887.47
2019-08-02,251204887.47
2019-08-02,251204887.47
2019-08-02,251204887.47
2019-08-09,251010945.42
2019-08-09,250733155.24
2019-08-09,250326719.51
2019-08-09,250326719.51
2019-08-09,250326719.51
2019-08-09,250326719.51
2019-08-16,249942775.48
2019-08-16,249942775.48
2019-08-23,249770335.81
2019-08-23,248517956.91
2019-08-23,247422228.01
2019-08-23,247422228.01
2019-08-23,247422228.01
2019-08-23,247422228.01
2019-08-30,246848763.81
2019-08-30,246337728.85
2019-08-30,245879542.90
2019-08-30,245879542.90
2019-08-30,245879542.90
2019-08-30,245879542.90
2019-08-31,245238294.15
2019-08-31,244698588.12
2019-08-31,243826953.48
2019-09-06,243826953.48
2019-09-06,243826953.48
2019-09-06,243826953.48
2019-09-13,242140105.12
2019-09-13,242140105.12
2019-09-30,241838379.18
2019-09-30,241226527.24
2019-09-30,239008623.10
2019-09-30,238647983.01
2019-10-04,237990065.21
2019-10-04,237990065.21
2019-10-04,237990065.21
2019-10-04,237990065.21
2019-10-04,237990065.21
2019-10-04,237990065.21
2019-10-18,233828473.33
2019-10-18,236307718.45
2019-10-18,236431109.63
2019-10-18,236431109.63
2019-10-18,236431109.63
2019-10-18,236431109.63
2019-10-31,236070465.61
2019-10-31,233812722.69
2019-10-31,233302490.51
2019-10-31,231820491.44
2019-11-01,231820491.44
2019-11-01,231820491.44
2019-11-01,231820491.44
2019-11-01,231820491.44
2019-11-15,232181784.93
2019-11-15,232181784.93
2019-11-22,232371550.02
2019-11-22,232371550.02
2019-11-30,230989178.00
2019-11-30,230083388.08
2019-11-30,229387183.93
2019-12-06,229387183.93
2019-12-06,229387183.93
2019-12-06,229387183.93
2019-12-13,229060426.86
2019-12-13,229060426.86
2019-12-31,228410787.62
2020-01-03,228410787.62
2020-01-10,224151046.98
2020-01-10,222760961.84
2020-01-10,222760961.84
2020-01-10,222760961.84
2020-01-31,220855621.96
2020-01-31,220576343.94
2020-01-31,220491797.47
2020-01-31,220365343.07
2020-01-31,219560666.26
2020-01-31,226599319.47
2020-01-31,226175432.73
2020-01-31,225294857.91
2020-01-31,225747236.76
2020-01-31,225506526.72
2020-01-31,225749213.00
2020-01-31,224054484.30
2020-01-31,224054484.30
2020-01-31,224054484.30
2020-01-31,224054484.30
2020-01-31,224054484.30
2020-01-31,224054484.30
2020-01-31,224054484.30
2020-01-31,224054484.30
2020-01-31,224054484.30
2020-01-31,224054484.30
2020-01-31,224054484.30
2020-01-31,224054484.30
2020-01-31,224054484.30
2020-02-21,224184836.60
2020-02-21,223939386.93
2020-02-21,223939386.93
2020-02-21,223939386.93
2020-02-28,224919728.59
2020-02-28,223964094.62
2020-02-28,225348828.74
2020-02-28,227299576.25
2020-02-28,226408786.13
2020-02-28,224999720.92
2020-02-28,224999720.92
2020-02-28,224999720.92
2020-02-28,224999720.92
2020-02-28,224999720.92
2020-02-28,224999720.92
2020-02-28,224999720.92
2020-02-29,229466754.69
2020-02-29,228317649.80
2020-03-06,228317649.80
2020-03-06,228317649.80
2020-03-13,226613721.22
2020-03-13,224567628.82
2020-03-13,222605883.26
2020-03-13,219544084.76
2020-03-13,219179146.26
2020-03-13,215909492.33
2020-03-13,213279336.43
2020-03-13,210601521.48
2020-03-13,208864016.27
2020-03-13,207702037.97
2020-03-13,206089462.91
2020-03-13,205328740.30
2020-03-13,205328740.30
2020-03-13,205328740.30
2020-03-13,205328740.30
2020-03-13,205328740.30
2020-03-13,205328740.30
2020-03-13,205328740.30
2020-03-13,205328740.30
2020-03-13,205328740.30
2020-03-13,205328740.30
2020-03-13,205328740.30
2020-03-13,205328740.30
2020-03-13,205328740.30
2020-03-20,205191278.72
2020-03-20,204861049.71
2020-03-20,202015140.97
2020-03-20,199483000.74
2020-03-20,198344157.61
2020-03-20,196658967.96
2020-03-20,194486310.94
2020-03-20,194486310.94
2020-03-20,194486310.94
2020-03-20,194486310.94
2020-03-20,194486310.94
2020-03-20,194486310.94
2020-03-20,194486310.94
2020-03-20,194486310.94
2020-03-27,194622382.14
2020-03-27,194931198.81
2020-03-27,194931198.81
2020-03-27,194931198.81
2020-03-31,194944022.43
2020-03-31,190705918.49
2020-03-31,189604983.62
2020-03-31,185452996.58
2020-03-31,184539991.62
2020-03-31,184081144.97
2020-04-03,183666624.91
2020-04-03,183666624.91
2020-04-03,183666624.91
2020-04-03,183666624.91
2020-04-03,183666624.91
2020-04-03,183666624.91
2020-04-03,183666624.91
2020-04-03,183666624.91
2020-04-30,184329293.53
2020-04-30,183102124.67
2020-05-01,182185856.11
2020-05-01,182185856.11
2020-05-01,182185856.11
2020-05-01,182185856.11
2020-05-29,181224101.41
2020-05-29,181224101.41
2020-05-31,180402147.80
2020-06-05,180402147.80
2020-06-12,179446085.86
2020-06-12,179446085.86
2020-06-19,179499934.94
2020-06-19,179499934.94
2020-06-26,178698313.54
2020-06-26,178698313.54
2020-06-30,178259497.02
2020-07-03,178259497.02
2020-07-31,177085267.54
2020-07-31,175325192.01
2020-07-31,175325192.01
2020-07-31,175325192.01
2020-08-07,175022359.62
2020-08-07,175022359.62
2020-08-21,180829327.10
2020-08-21,181651604.13
2020-08-21,181651604.13
2020-08-21,181651604.13
2020-09-04,185084987.15
2020-09-04,187083472.99
2020-09-04,187083472.99
2020-09-04,187083472.99
2020-09-25,185597502.93
2020-09-25,185137596.36
2020-09-25,186070131.02
2020-09-25,194310043.26
2020-09-25,197074506.22
2020-09-25,197074506.22
2020-09-25,197074506.22
2020-09-25,197074506.22
2020-09-25,197074506.22
2020-09-25,197074506.22
2020-10-23,199598411.08
2020-10-23,199598411.08
2020-10-30,199490165.24
2020-10-30,199490165.24
2020-10-31,197475201.50
2020-10-31,196604858.36
2020-11-06,196604858.36
2020-11-06,196604858.36
2020-11-30,196486458.06
2020-12-04,196486458.06
2021-01-31,199069939.48
2021-01-31,194223730.45
2021-01-31,189945670.70
2021-01-31,188043665.80
2021-02-05,188043665.80
2021-02-05,188043665.80
2021-02-05,188043665.80
2021-02-05,188043665.80
2021-02-12,188263597.62
2021-02-12,188263597.62
2021-02-26,187047294.11
2021-02-26,190761760.19
2021-02-26,190761760.19
2021-02-26,190761760.19
2021-02-28,192053598.02
2021-03-05,196832566.40
2021-03-05,196832566.40
2021-03-05,196832566.40
2021-03-31,204066834.45
2021-04-02,204066834.45
2021-04-30,202797829.05
2021-04-30,202797829.05
2021-06-30,204862297.15
2021-07-02,204862297.15
2021-07-31,207609895.53
2021-07-31,208642553.99
2021-08-06,208642553.99
2021-08-06,208642553.99
2021-08-13,212187485.71
2021-08-13,213725459.57
2021-08-13,213725459.57
2021-08-13,213725459.57
2021-08-20,214045863.18
2021-08-20,212222741.77
2021-08-20,220546590.07
2021-08-20,219761327.99
2021-08-20,230509671.74
2021-08-20,229155833.86
2021-08-20,229155833.86
2021-08-20,229155833.86
2021-08-20,229155833.86
2021-08-20,229155833.86
2021-08-20,229155833.86
2021-08-20,229155833.86
2021-08-31,227675758.42
2021-09-03,227675758.42
2021-09-24,227216558.44
2021-09-24,227216558.44
2021-09-30,238099191.94
2021-09-30,244221057.04
2021-09-30,252780016.84
2021-09-30,253909997.51
2021-09-30,258629457.78
2021-10-01,265268666.92
2021-10-01,265268666.92
2021-10-01,265268666.92
2021-10-01,265268666.92
2021-10-01,265268666.92
2021-10-01,265268666.92
2021-10-01,265268666.92
2021-10-08,263386263.02
2021-10-08,261936654.60
2021-10-08,262112197.38
2021-10-08,262112197.38
2021-10-08,262112197.38
2021-10-08,262112197.38
2021-10-29,261787098.61
2021-10-29,261787098.61
2021-10-31,263032166.02
2021-10-31,272982878.33
2021-10-31,274066670.26
2021-10-31,273459097.65
2021-10-31,272800149.73
2021-10-31,272798458.85
2021-11-05,272868339.08
2021-11-05,271781712.70
2021-11-05,271781712.70
2021-11-05,271781712.70
2021-11-05,271781712.70
2021-11-05,271781712.70
2021-11-05,271781712.70
2021-11-05,271781712.70
2021-11-05,271781712.70
2021-11-05,271781712.70
2021-11-19,264431445.93
2021-11-19,264431445.93
2021-11-26,263490917.49
2021-11-26,261960805.65
2021-11-26,256185997.23
2021-11-26,256020862.42
2021-11-26,256020862.42
2021-11-26,256020862.42
2021-11-26,256020862.42
2021-11-26,256020862.42
2021-11-30,255564018.47
2021-11-30,254793611.84
2021-11-30,268563479.66
2021-11-30,265323216.19
2021-11-30,264798668.42
2021-11-30,263464578.18
2021-11-30,260856825.01
2021-11-30,260207519.88
2021-12-03,260007016.00
2021-12-03,259829670.03
2021-12-03,259829670.03
2021-12-03,259829670.03
2021-12-03,259829670.03
2021-12-03,259829670.03
2021-12-03,259829670.03
2021-12-03,259829670.03
2021-12-03,259829670.03
2021-12-03,259829670.03
2021-12-03,259829670.03
2021-12-03,259829670.03
2021-12-17,257054273.94
2021-12-17,295461481.58
2021-12-17,295441485.74
2021-12-17,295441485.74
2021-12-17,295441485.74
2021-12-17,295441485.74
2021-12-24,294810591.48
2021-12-24,294810591.48
2021-12-31,291939564.44
2021-12-31,290129634.27
2021-12-31,290017427.95
2021-12-31,289837955.07
2021-12-31,289202694.32
2021-12-31,287636230.26
2021-12-31,286551583.13
2021-12-31,286551583.13
2021-12-31,286551583.13
2021-12-31,286551583.13
2021-12-31,286551583.13
2021-12-31,286551583.13
2021-12-31,286551583.13
2021-12-31,286551583.13
2022-01-07,285870643.15
2022-01-07,284774011.30
2022-01-07,284774011.30
2022-01-07,284774011.30
2022-01-21,283094996.69
2022-01-21,283094996.69
2022-01-28,283090552.52
2022-01-28,283090552.52
2022-01-31,282023423.88
2022-01-31,280823359.38
2022-01-31,280961856.00
2022-01-31,280386768.98
2022-01-31,279933877.74
2022-01-31,279546882.82
2022-01-31,279228763.22
2022-01-31,277981599.48
2022-01-31,275736684.34
2022-01-31,274259970.46
2022-01-31,273940382.85
2022-01-31,273092752.80
2022-02-04,273092752.80
2022-02-04,273092752.80
2022-02-04,273092752.80
2022-02-04,273092752.80
2022-02-04,273092752.80
2022-02-04,273092752.80
2022-02-04,273092752.80
2022-02-04,273092752.80
2022-02-04,273092752.80
2022-02-04,273092752.80
2022-02-04,273092752.80
2022-02-04,273092752.80
2022-02-11,272423909.35
2022-02-11,272423909.35
2022-02-25,271910186.17
2022-02-25,270806963.64
2022-02-25,270295991.06
2022-02-25,271114425.64
2022-02-25,271114425.64
2022-02-25,271114425.64
2022-02-25,271114425.64
2022-02-25,271114425.64
2022-02-28,271766665.79
2022-02-28,270458232.73
2022-02-28,269717610.15
2022-02-28,269701447.35
2022-02-28,269363059.79
2022-03-04,269363059.79
2022-03-04,269363059.79
2022-03-04,269363059.79
2022-03-04,269363059.79
2022-03-04,269363059.79
2022-03-11,268381827.44
2022-03-11,268028050.56
2022-03-11,268028050.56
2022-03-11,268028050.56
2022-03-31,267944153.26
2022-04-01,267464032.47
2022-04-01,267464032.47
2022-04-01,267464032.47
2022-04-08,266777750.77
2022-04-08,266777750.77
2022-04-29,273691640.65
2022-04-29,274891300.15
2022-04-29,274891300.15
2022-04-29,274891300.15
2022-04-30,274499577.77
2022-04-30,274285628.00
2022-04-30,274905654.79
2022-04-30,274853491.13
2022-05-06,274853491.13
2022-05-06,274853491.13
2022-05-06,274853491.13
2022-05-06,274853491.13
2022-05-20,276482261.82
2022-05-20,277841777.63
2022-05-20,277841777.63
2022-05-20,277841777.63
2022-05-27,277630251.15
2022-05-27,275279580.87
2022-05-27,275279580.87
2022-05-27,275279580.87
2022-05-31,275100563.08
2022-05-31,273959050.63
2022-05-31,273143297.41
2022-06-03,273143297.41
2022-06-03,273143297.41
2022-06-03,273143297.41
2022-06-17,271841185.07
2022-06-17,267629395.16
2022-06-17,266491143.82
2022-06-17,265820687.40
2022-06-17,264209017.85
2022-06-17,264109869.65
2022-06-17,263532661.19
2022-06-17,263818971.93
2022-06-17,263818971.93
2022-06-17,263818971.93
2022-06-17,263818971.93
2022-06-17,263818971.93
2022-06-17,263818971.93
2022-06-17,263818971.93
2022-06-17,263818971.93
2022-06-17,263818971.93
2022-06-24,262205389.13
2022-06-24,260184346.50
2022-06-24,258766010.59
2022-06-24,257586842.49
2022-06-24,257586842.49
2022-06-24,257586842.49
2022-06-24,257586842.49
2022-06-24,257586842.49
2022-06-30,264028486.81
2022-06-30,264315954.91
2022-06-30,264084760.72
2022-06-30,260013721.52
2022-06-30,257475819.08
2022-06-30,256824360.26
2022-06-30,251956421.04
2022-06-30,251067193.42
2022-06-30,249523556.71
2022-06-30,248685659.66
2022-07-01,248685659.66
2022-07-01,248685659.66
2022-07-01,248685659.66
2022-07-01,248685659.66
2022-07-01,248685659.66
2022-07-01,248685659.66
2022-07-01,248685659.66
2022-07-01,248685659.66
2022-07-01,248685659.66
2022-07-01,248685659.66
2022-07-08,247473369.72
2022-07-08,246126679.14
2022-07-08,246126679.14
2022-07-08,246126679.14
2022-07-15,244005929.30
2022-07-15,242571700.24
2022-07-15,242571700.24
2022-07-15,242571700.24
2022-07-31,240700152.46
2022-07-31,238981647.11
2022-07-31,238423096.47
2022-07-31,237913773.52
2022-08-05,237913773.52
2022-08-05,237913773.52
2022-08-05,237913773.52
2022-08-05,237913773.52
2022-08-12,236841386.92
2022-08-12,237171285.66
2022-08-12,237171285.66
2022-08-12,237171285.66
2022-08-19,238137195.18
2022-08-19,238137195.18
2022-08-26,237987329.00
2022-08-26,237987329.00
2022-08-31,237704600.90
2022-08-31,235755483.05
2022-08-31,235470799.90
2022-08-31,235454524.91
2022-08-31,235113378.16
2022-08-31,234148399.31
2022-09-02,233896949.89
2022-09-02,233896949.89
2022-09-02,233896949.89
2022-09-02,233896949.89
2022-09-02,233896949.89
2022-09-02,233896949.89
2022-09-02,233896949.89
2022-09-02,233896949.89
2022-09-09,233798296.42
2022-09-09,233567222.20
2022-09-09,233567222.20
2022-09-09,233567222.20
2022-09-16,232257524.76
2022-09-16,232257524.76
2022-09-23,231772830.86
2022-09-23,231772830.86
2022-09-30,230166874.43
2022-09-30,229622508.00
2022-09-30,227836442.73
2022-09-30,222698589.76
2022-09-30,221480362.94
2022-09-30,216353944.40
2022-09-30,215533553.92
2022-09-30,213634790.82
2022-09-30,213646934.26
2022-09-30,212612370.44
2022-09-30,212776270.03
2022-09-30,212776270.03
2022-09-30,212776270.03
2022-09-30,212776270.03
2022-09-30,212776270.03
2022-09-30,212776270.03
2022-09-30,212776270.03
2022-09-30,212776270.03
2022-09-30,212776270.03
2022-09-30,212776270.03
2022-09-30,212776270.03
2022-09-30,212776270.03
2022-10-07,212036579.84
2022-10-07,211466860.78
2022-10-07,211466860.78
2022-10-07,211466860.78
2022-10-28,211339852.06
2022-10-28,211339852.06
2022-10-31,209735972.17
2022-10-31,209420689.85
2022-10-31,207718436.60
2022-10-31,207243258.59
2022-10-31,206629756.54
2022-10-31,204905903.01
2022-11-04,204326110.78
2022-11-04,204326110.78
2022-11-04,204326110.78
2022-11-04,204326110.78
2022-11-04,204326110.78
2022-11-04,204326110.78
2022-11-04,204326110.78
2022-11-04,204326110.78
2022-11-30,199859292.01
2022-11-30,199693938.98
2022-11-30,199635756.79
2022-12-02,199635756.79
2022-12-02,199635756.79
2022-12-02,199635756.79
2022-12-09,202122933.50
2022-12-09,202204771.15
2022-12-09,202204771.15
2022-12-09,202204771.15
2022-12-23,200843610.07
2022-12-23,200232150.75
2022-12-23,200232150.75
2022-12-23,200232150.75
2022-12-30,199700325.85
2022-12-30,199704164.01
2022-12-30,199350699.71
2022-12-30,199350699.71
2022-12-30,199350699.71
2022-12-30,199350699.71
2022-12-31,199363598.06
2022-12-31,199024479.70
2023-01-06,198735517.99
2023-01-06,198627809.69
2023-01-06,198434444.98
2023-01-06,198434444.98
2023-01-06,198434444.98
2023-01-06,198434444.98
2023-01-06,198434444.98
2023-01-06,198434444.98
2023-01-31,197050877.93
2023-01-31,196860330.96
2023-01-31,196808537.44
2023-01-31,194403105.95
2023-01-31,194056164.14
2023-02-03,194056164.14
2023-02-03,194056164.14
2023-02-03,194056164.14
2023-02-03,194056164.14
2023-02-03,194056164.14
2023-02-24,193174070.55
2023-02-24,193174070.55
2023-02-28,192785876.22
2023-02-28,193626220.03
2023-02-28,193243717.22
2023-03-03,192518911.54
2023-03-03,192518911.54
2023-03-03,192518911.54
2023-03-03,192518911.54
2023-03-03,192518911.54
2023-03-10,191850663.10
2023-03-10,191850663.10
2023-03-17,191274495.48
2023-03-17,191274495.48
2023-03-31,190372369.74
2023-03-31,188600301.73
2023-03-31,187317208.24
2023-03-31,186804767.28
2023-03-31,186804767.28
2023-03-31,186804767.28
2023-03-31,186804767.28
2023-03-31,186804767.28
2023-04-28,191609513.02
2023-04-28,190812466.50
2023-04-28,190812466.50
2023-04-28,190812466.50
2023-04-30,197129139.56
2023-04-30,195724691.08
2023-05-05,195630591.58
2023-05-05,195630591.58
2023-05-05,195630591.58
2023-05-05,195630591.58
2023-05-19,197162440.18
2023-05-19,197162440.18
2023-05-26,200491113.33
2023-05-26,199964565.60
2023-05-26,199964565.60
2023-05-26,199964565.60
2023-05-31,197656490.20
2023-06-02,197656490.20
2023-06-16,197351353.14
2023-06-16,196812945.63
2023-06-16,196812945.63
2023-06-16,196812945.63
2023-06-30,195418712.70
2023-06-30,195626555.40
2023-06-30,195628192.36
2023-06-30,195628192.36
2023-06-30,195628192.36
2023-06-30,195628192.36
2023-07-07,194273300.72
2023-07-07,194053370.80
2023-07-07,194053370.80
2023-07-07,194053370.80
2023-07-21,194970898.83
2023-07-21,194970898.83
2023-07-28,194297828.62
2023-07-28,194297828.62
2023-07-31,194784395.05
2023-07-31,194359489.66
2023-07-31,193750344.68
2023-08-04,193606664.34
2023-08-04,193606664.34
2023-08-04,193606664.34
2023-08-04,193606664.34
2023-08-04,193606664.34
2023-08-11,193401734.60
2023-08-11,193401734.60
2023-08-18,191433788.34
2023-08-18,190841196.00
2023-08-18,189509408.95
2023-08-18,188742759.37
2023-08-18,190342782.56
2023-08-18,190342782.56
2023-08-18,190342782.56
2023-08-18,190342782.56
2023-08-18,190342782.56
2023-08-18,190342782.56
2023-08-25,190001019.32
2023-08-25,190001267.09
2023-08-25,190001267.09
2023-08-25,190001267.09
2023-08-31,191564982.40
2023-08-31,191155259.71
2023-09-01,191162729.15
2023-09-01,191162729.15
2023-09-01,191162729.15
2023-09-01,191162729.15
2023-09-08,191915361.78
2023-09-08,190282910.84
2023-09-08,190282910.84
2023-09-08,190282910.84
2023-09-22,190434426.83
2023-09-22,190434426.83
2023-09-30,193461072.16
2023-09-30,192772187.79
2023-09-30,192688220.52
2023-10-06,192542310.49
2023-10-06,192413945.93
2023-10-06,192214807.49
2023-10-06,192214807.49
2023-10-06,192214807.49
2023-10-06,192214807.49
2023-10-06,192214807.49
2023-10-06,192214807.49
2023-10-06,192214807.49
2023-10-13,192069993.35
2023-10-13,192069993.35
2023-10-20,188574446.44
2023-10-20,191822683.33
2023-10-20,191822683.33
2023-10-20,191822683.33
2023-10-27,190411835.86
2023-10-27,190411835.86
2023-10-31,195486766.09
2023-10-31,195174348.69
2023-10-31,194724460.45
2023-10-31,194153763.17
2023-10-31,194177684.80
2023-10-31,194134518.72
2023-11-03,194135787.27
2023-11-03,194135787.27
2023-11-03,194135787.27
2023-11-03,194135787.27
2023-11-03,194135787.27
2023-11-03,194135787.27
2023-11-03,194135787.27
2023-11-03,194135787.27
2023-11-10,189649308.73
2023-11-10,189649308.73
2023-11-17,189201127.04
2023-11-17,188808712.92
2023-11-17,188808712.92
2023-11-17,188808712.92
2023-11-30,188714316.79
2023-11-30,186169919.92
2023-11-30,186141431.44
2023-12-01,186141431.44
2023-12-01,186141431.44
2023-12-01,186141431.44
2023-12-08,185894232.17
2023-12-08,185894232.17
2023-12-15,186257937.85
2023-12-15,186172301.30
2023-12-15,186172301.30
2023-12-15,186172301.30
2023-12-29,186421124.10
2023-12-29,186394376.93
2023-12-29,186394376.93
2023-12-29,186394376.93
2023-12-31,186318512.51
2024-01-05,186278294.53
2024-01-05,186355830.60
2024-01-05,186438604.54
2024-01-05,186162327.22
2024-01-05,186162327.22
2024-01-05,186162327.22
2024-01-05,186162327.22
2024-01-05,186162327.22
2024-01-05,186162327.22
2024-01-12,187218095.37
2024-01-12,187218095.37
2024-01-19,187104751.85
2024-01-19,187086926.43
2024-01-19,185448114.65
2024-01-19,185448114.65
2024-01-19,185448114.65
2024-01-19,185448114.65
2024-01-26,185074674.90
2024-01-26,185074674.90
2024-01-31,548069741.96
2024-01-31,547391074.17
2024-01-31,547099045.45
2024-01-31,546886905.72
2024-01-31,546800188.09
2024-01-31,546402759.87
2024-01-31,545564384.48
2024-02-02,545564384.48
2024-02-02,545564384.48
2024-02-02,545564384.48
2024-02-02,545564384.48
2024-02-02,545564384.48
2024-02-02,545564384.48
2024-02-02,545564384.48
2024-02-09,551241135.81
2024-02-09,551241135.81
2024-02-16,552133472.54
2024-02-16,552133472.54
2024-02-29,551438262.66
2024-02-29,549130082.96
2024-03-01,548349444.09
2024-03-01,548309778.80
2024-03-01,548309778.80
2024-03-01,548309778.80
2024-03-01,548309778.80
2024-03-01,548309778.80
2024-03-31,548985966.01
2024-03-31,549058786.66
2024-03-31,545263746.19
2024-04-05,546098253.32
2024-04-05,546098253.32
2024-04-05,546098253.32
2024-04-05,546098253.32
2024-04-05,546098253.32
2024-04-12,546732808.68
2024-04-12,546732808.68
2024-04-19,541605156.82
2024-04-19,540927192.04
2024-04-19,538657864.42
2024-04-19,538657864.42
2024-04-19,538657864.42
2024-04-19,538657864.42
2024-04-26,538973113.88
2024-04-26,538973113.88
2024-04-30,535640965.46
2024-04-30,535173885.36
2024-04-30,534181137.44
2024-05-03,534181137.44
2024-05-03,534181137.44
2024-05-03,534181137.44
2024-05-24,537212323.79
2024-05-24,537212323.79
2024-05-31,531367447.51
2024-05-31,531367447.51
2024-06-28,531481770.04
2024-06-28,542774172.94
2024-06-28,542774172.94
2024-06-28,542774172.94
2024-06-30,541515755.25
2024-07-05,541515755.25
2024-07-19,542613929.45
2024-07-19,541635213.98
2024-07-19,541635213.98
2024-07-19,541635213.98
2024-07-26,540072082.21
2024-07-31,540613210.16
2024-08-02,540613210.16
2024-08-02,540613210.16
2024-08-16,538197044.36
2024-08-16,538197044.36
2024-08-23,535996473.44
2024-08-23,535996473.44
2024-08-31,530023211.40
2024-08-31,516508776.74
2024-08-31,513985644.54
2024-08-31,512944242.45
2024-09-06,515797880.50
2024-09-06,516687369.11
2024-09-06,516687369.11
2024-09-06,516687369.11
2024-09-06,516687369.11
2024-09-06,516687369.11
2024-09-06,516687369.11
2024-09-06,516687369.11
2024-09-20,516228642.21
2024-09-20,516228642.21
2024-09-30,517935549.38
2024-09-30,515509542.72
2024-10-04,515509542.72
2024-10-04,515509542.72
2024-10-11,514006590.35
2024-10-11,514006590.35
2024-10-18,512993079.56
2024-10-18,511982257.84
2024-10-18,510392105.75
2024-10-18,510392105.75
2024-10-18,510392105.75
2024-10-18,510392105.75
2024-10-25,509547549.57
2024-10-31,506628312.79
2024-10-31,502958236.26
2024-11-01,504447114.03
2024-11-01,504447114.03
2024-11-01,504447114.03
2024-11-01,504447114.03
2024-11-01,504447114.03
2024-11-08,504185445.86
2024-11-08,504185445.86
2024-11-15,503966147.90
2024-11-15,501249622.12
2024-11-15,498794907.89
2024-11-15,498794907.89
2024-11-15,498794907.89
2024-11-15,498794907.89
2024-11-30,499055677.09
2024-11-30,498715931.37
2024-12-06,498057084.98
2024-12-06,497560053.90
2024-12-06,497560053.90
2024-12-06,497560053.90
2024-12-06,497560053.90
2024-12-06,497560053.90
2024-12-13,499300467.36
2024-12-13,499300467.36
2024-12-27,497588701.27
2024-12-27,497649262.41
2024-12-27,497649262.41
2024-12-27,497649262.41
2024-12-31,495784315.10
2024-12-31,495920476.59
2025-01-03,495920476.59
2025-01-03,495920476.59
2025-01-10,509263862.02
2025-01-10,509835039.22
2025-01-10,509835039.22
2025-01-10,509835039.22
2025-01-17,509254727.13
2025-01-17,508956747.93
2025-01-17,508956747.93
2025-01-17,508956747.93
2025-01-24,507537668.45
2025-01-24,507537668.45
2025-01-31,507163974.89
2025-01-31,504266915.94
2025-01-31,504266915.94
2025-01-31,504266915.94
2025-02-14,503797393.12
2025-02-28,504013833.67
2025-02-28,504965196.14
2025-02-28,504965196.14
2025-02-28,504965196.14
2025-02-28,504965196.14
2025-03-21,504591896.42
2025-03-21,504591896.42
2025-03-28,488644101.99
2025-03-28,488644101.99
2025-03-31,499340078.25
2025-03-31,505802262.03
2025-03-31,511765850.37
2025-03-31,528487251.54
2025-03-31,527468034.84
2025-04-04,526932995.89
2025-04-04,526932995.89
2025-04-04,526932995.89
2025-04-04,526932995.89
2025-04-04,526932995.89
2025-04-04,526932995.89
2025-04-04,526932995.89
2025-04-30,513411181.79
2025-04-30,511524931.65
2025-04-30,511214926.53
2025-05-02,529802588.29
2025-05-02,529802588.29
2025-05-02,529802588.29
2025-05-02,529802588.29
2025-05-02,529802588.29
2025-05-09,528985716.74
2025-05-09,528503431.07
2025-05-09,528503431.07
2025-05-09,528503431.07
2025-05-16,528536403.94
2025-05-16,528536403.94
2025-06-30,527973992.35
2025-07-04,527973992.35
2025-07-31,526988262.62
2025-07-31,521269159.13
2025-08-01,521358548.71
2025-08-01,526702441.22
2025-08-01,526702441.22
2025-08-01,526702441.22
2025-08-01,526702441.22
2025-08-01,526702441.22
2025-08-15,526678355.33
2025-08-15,526678355.33
2025-08-22,596649188.30
2025-08-22,594747774.50
2025-08-22,598273380.98
2025-08-22,608697770.81
2025-08-22,608697770.81
2025-08-22,608697770.81
2025-08-22,608697770.81
2025-08-22,608697770.81
2025-08-29,606548416.75
2025-08-29,608191675.39
2025-08-29,608191675.39
2025-08-29,608191675.39
2025-08-31,609577626.77
2025-09-05,609316378.32
2025-09-05,609316378.32
2025-09-05,609316378.32
2025-09-26,607896591.29
2025-09-26,607896591.29
2025-10-10,611483780.61
2025-10-10,611483780.61
2025-10-17,613464340.52
2025-10-17,612424085.86
2025-10-17,612424085.86
2025-10-17,612424085.86
2025-10-31,605703188.20
2025-10-31,609347962.80
2025-10-31,608135743.28
2025-10-31,615208649.78
2025-10-31,615208649.78
2025-10-31,615208649.78
2025-10-31,615208649.78
2025-10-31,615208649.78
2025-11-07,614165036.07
2025-11-07,614165036.07
2025-11-21,611923507.52
2025-11-21,611344963.34
2025-11-21,611344963.34
2025-11-21,611344963.34
2025-11-28,584327619.36
2025-11-28,584327619.36
2025-11-30,581045952.01
2025-12-05,581045952.01
2025-12-19,580476777.56
2025-12-31,599930425.06
2025-12-31,593078640.90
2026-01-02,591824195.52
2026-01-09,588868685.30
2026-03-27,589095830.14
2026-03-31,667153836.04
2026-03-31,670851780.85
2026-05-22,1243003046.79
