ticker,market_cap_krw
000020.KS,163700000000
000040.KS,30300000000
000050.KS,243700000000
000070.KS,446400000000
000080.KS,1138300000000
000100.KS,6786000000000
000120.KS,1957300000000
000140.KS,197500000000
000150.KS,27772400000000
000180.KS,81500000000
000210.KS,1177700000000
000220.KS,64900000000
000230.KS,92200000000
000240.KS,2278400000000
000250.KQ,8245300000000
000270.KS,64301000000000
000300.KS,174000000000
000320.KS,250800000000
000370.KS,791500000000
000390.KS,197800000000
000430.KS,284900000000
000440.KQ,108200000000
000480.KS,224400000000
000490.KS,254800000000
000500.KS,6377400000000
000520.KS,161600000000
000590.KS,89000000000
000640.KS,610000000000
000660.KS,1598591400000000
000670.KS,959200000000
000680.KS,290400000000
000700.KS,142200000000
000720.KS,15990700000000
000760.KS,40500000000
000810.KS,25761600000000
000850.KS,79800000000
000860.KS,182100000000
000880.KS,10639600000000
000890.KS,39300000000
000910.KS,57900000000
000950.KS,45500000000
000970.KS,156000000000
000990.KS,8787900000000
001020.KS,120000000000
001040.KS,4939700000000
001060.KS,681100000000
001070.KS,31500000000
001080.KS,207500000000
001120.KS,1666700000000
001130.KS,198100000000
001200.KS,479000000000
001210.KS,40100000000
001230.KS,362500000000
001250.KS,286000000000
001260.KS,82700000000
001270.KS,647100000000
001290.KS,117700000000
001340.KS,265800000000
001360.KS,152500000000
001380.KS,40300000000
001390.KS,332100000000
001430.KS,2191200000000
001440.KS,9711400000000
001450.KS,3073200000000
001460.KS,250500000000
001470.KS,79700000000
001500.KS,620800000000
001510.KS,844200000000
001520.KS,148900000000
001530.KS,524100000000
001540.KQ,147100000000
001560.KS,75800000000
001570.KS,633300000000
001620.KS,55900000000
001630.KS,227400000000
001680.KS,662800000000
001720.KS,2937800000000
001740.KS,2282800000000
001750.KS,302900000000
001780.KS,228500000000
001790.KS,226800000000
001800.KS,1563000000000
001810.KQ,28500000000
001820.KS,1308700000000
001940.KS,324600000000
002020.KS,830000000000
002030.KS,436500000000
002070.KS,20700000000
002100.KS,178000000000
002140.KS,55700000000
002150.KS,195900000000
002170.KS,165000000000
002200.KS,90300000000
002220.KS,138300000000
002230.KQ,135600000000
002240.KS,561600000000
002310.KS,313600000000
002320.KS,268300000000
002350.KS,630900000000
002360.KS,26200000000
002380.KS,4872200000000
002390.KS,119200000000
002410.KS,53200000000
002420.KS,36100000000
002450.KS,113700000000
002460.KS,116800000000
002600.KS,84500000000
002620.KS,132900000000
002630.KS,57300000000
002680.KQ,16300000000
002700.KS,88400000000
002710.KS,425400000000
002720.KS,82000000000
002780.KS,150400000000
002790.KS,1758500000000
002800.KQ,75900000000
002810.KS,392400000000
002820.KS,28100000000
002840.KS,548600000000
002870.KS,37300000000
002880.KS,38700000000
002900.KS,302200000000
002920.KS,46300000000
002990.KS,151100000000
003000.KS,502200000000
003010.KS,71700000000
003030.KS,701200000000
003060.KS,48400000000
003070.KS,244100000000
003080.KS,47600000000
003090.KS,1151200000000
003100.KQ,140600000000
003160.KS,854700000000
003200.KS,244100000000
003220.KS,202100000000
003230.KS,9318300000000
003240.KS,1114500000000
003280.KS,542200000000
003300.KS,507500000000
003310.KQ,91800000000
003380.KQ,1288100000000
003470.KS,1087800000000
003480.KS,155600000000
003490.KS,9886700000000
003530.KS,1360200000000
003540.KS,1570100000000
003550.KS,18229000000000
003570.KS,1546300000000
003580.KS,89400000000
003610.KS,188300000000
003620.KS,699200000000
003650.KS,217300000000
003670.KS,20368700000000
003680.KS,29400000000
003690.KS,2422800000000
003720.KS,377400000000
003780.KS,66400000000
003800.KQ,352700000000
003850.KS,797800000000
003920.KS,282600000000
003960.KS,260300000000
004000.KS,1354500000000
004020.KS,5524700000000
004060.KS,64100000000
004080.KS,130200000000
004090.KS,165400000000
004100.KS,106800000000
004140.KS,102400000000
004150.KS,169600000000
004170.KS,4977600000000
004250.KS,118200000000
004270.KS,25400000000
004360.KS,262800000000
004370.KS,2341800000000
004380.KS,254600000000
004410.KS,44200000000
004430.KS,268600000000
004440.KS,71300000000
004450.KS,57600000000
004490.KS,780300000000
004540.KS,65900000000
004560.KS,235200000000
004590.KQ,100100000000
004650.KQ,86900000000
004690.KS,452300000000
004700.KS,409600000000
004710.KS,453700000000
004720.KS,77700000000
004770.KS,57200000000
004800.KS,3389900000000
004830.KS,64800000000
004840.KS,92400000000
004870.KS,35500000000
004890.KS,93000000000
004910.KS,49300000000
004920.KS,52100000000
004960.KS,141500000000
004970.KS,146900000000
004980.KS,221900000000
004990.KS,2546400000000
005010.KS,300600000000
005090.KS,723300000000
005110.KS,26500000000
005160.KQ,145400000000
005180.KS,660000000000
005250.KS,684700000000
005290.KQ,3093900000000
005300.KS,1024400000000
005320.KS,37300000000
005360.KS,27600000000
005380.KS,139440000000000
005420.KS,546200000000
005430.KS,279600000000
005440.KS,2065700000000
005490.KS,33558800000000
005500.KS,298400000000
005610.KS,368000000000
005670.KQ,63200000000
005680.KS,303600000000
005710.KQ,224400000000
005720.KS,347300000000
005740.KS,95600000000
005750.KS,80600000000
005800.KS,127100000000
005810.KS,581000000000
005820.KS,34200000000
005830.KS,9464800000000
005850.KS,3372200000000
005860.KQ,119800000000
005880.KS,774600000000
005930.KS,1794807500000000
005940.KS,11100100000000
005950.KS,419400000000
005960.KS,162500000000
005990.KQ,170100000000
006040.KS,1575800000000
006060.KS,158200000000
006110.KS,1238600000000
006120.KS,888100000000
006200.KS,27400000000
006220.KS,402200000000
006260.KS,15849600000000
006280.KS,1755300000000
006340.KS,1024100000000
006360.KS,2533200000000
006370.KS,55000000000
006400.KS,50768900000000
006490.KS,52800000000
006570.KS,29100000000
006620.KQ,131900000000
006650.KS,845700000000
006660.KS,126100000000
006730.KQ,708400000000
006740.KS,33600000000
006800.KS,36092100000000
006840.KS,100300000000
006880.KS,69100000000
006890.KS,85600000000
006910.KQ,495200000000
006920.KQ,38300000000
006980.KS,59700000000
007070.KS,2257400000000
007120.KS,39300000000
007160.KS,230800000000
007210.KS,113000000000
007310.KS,1364700000000
007340.KS,2659300000000
007390.KQ,2061900000000
007460.KS,92300000000
007530.KQ,47300000000
007540.KS,129700000000
007570.KS,177700000000
007590.KS,81700000000
007610.KS,163300000000
007660.KS,9712000000000
007680.KQ,53600000000
007690.KS,314900000000
007700.KS,691500000000
007720.KQ,34200000000
007770.KQ,26700000000
007810.KS,2642900000000
007820.KQ,95800000000
007860.KS,213000000000
007980.KS,85700000000
008040.KS,126600000000
008060.KS,674200000000
008250.KS,36300000000
008290.KQ,12400000000
008350.KS,199400000000
008370.KQ,61800000000
008470.KQ,29600000000
008490.KS,250500000000
008500.KS,11600000000
008600.KS,17600000000
008700.KS,93600000000
008730.KS,502200000000
008770.KS,2146900000000
008870.KS,44200000000
008930.KS,2212500000000
008970.KS,156600000000
009070.KS,150900000000
009140.KS,41200000000
009150.KS,121750700000000
009160.KS,345200000000
009180.KS,81900000000
009190.KS,89800000000
009200.KS,67400000000
009240.KS,710700000000
009270.KS,126400000000
009290.KS,353600000000
009300.KQ,96000000000
009310.KS,23300000000
009320.KS,48000000000
009410.KS,497900000000
009420.KS,3693400000000
009440.KS,17600000000
009450.KS,1044600000000
009470.KS,271200000000
009520.KQ,704200000000
009540.KS,31175600000000
009580.KS,131000000000
009620.KQ,12900000000
009680.KS,221200000000
009730.KQ,17100000000
009770.KS,70900000000
009780.KQ,116500000000
009810.KS,32400000000
009830.KS,7279600000000
009900.KS,548300000000
009970.KS,2651300000000
010040.KS,69100000000
010060.KS,7244100000000
010100.KS,136900000000
010120.KS,39225000000000
010130.KS,29138700000000
010140.KS,25916000000000
010170.KQ,4291400000000
010240.KQ,63800000000
010280.KQ,88700000000
010400.KS,29800000000
010470.KQ,65600000000
010580.KS,255900000000
010640.KS,33700000000
010690.KS,409300000000
010770.KS,71200000000
010780.KS,922200000000
010820.KS,502800000000
010950.KS,12170200000000
010960.KS,81400000000
011000.KS,107000000000
011040.KQ,162500000000
011070.KS,24708500000000
011080.KQ,11500000000
011090.KS,17600000000
011150.KS,80700000000
011170.KS,3473400000000
011200.KS,18619500000000
011210.KS,2436700000000
011230.KS,69200000000
011280.KS,126700000000
011300.KS,38000000000
011320.KQ,84500000000
011330.KS,49300000000
011370.KQ,92500000000
011390.KS,57200000000
011420.KS,44400000000
011560.KQ,255100000000
011690.KS,205500000000
011700.KS,110200000000
011760.KS,369700000000
011780.KS,3522000000000
011790.KS,5472000000000
011810.KS,109500000000
011930.KS,545500000000
012030.KS,472800000000
012160.KS,31200000000
012170.KS,19800000000
012200.KS,206600000000
012320.KS,126300000000
012330.KS,62424000000000
012340.KQ,14700000000
012450.KS,64144900000000
012510.KS,3777400000000
012610.KS,223500000000
012620.KQ,32600000000
012630.KS,1317300000000
012700.KQ,81200000000
012750.KS,2618100000000
012800.KS,147600000000
012860.KQ,301000000000
013000.KS,38200000000
013030.KQ,446600000000
013120.KQ,218800000000
013310.KQ,131700000000
013360.KS,76900000000
013520.KS,137100000000
013570.KS,111700000000
013580.KS,192500000000
013700.KS,79900000000
013720.KQ,29500000000
013810.KQ,31400000000
013870.KS,79100000000
013890.KS,213600000000
013990.KQ,163100000000
014100.KQ,19000000000
014130.KS,28400000000
014190.KQ,53000000000
014280.KS,142700000000
014440.KS,90400000000
014470.KQ,77100000000
014530.KS,118000000000
014580.KS,121000000000
014620.KQ,900300000000
014680.KS,3189300000000
014710.KS,128300000000
014790.KS,107300000000
014820.KS,639300000000
014830.KS,477100000000
014910.KS,62500000000
014940.KQ,298100000000
014950.KQ,69700000000
014970.KQ,85100000000
014990.KS,40600000000
015020.KS,19900000000
015230.KS,172600000000
015260.KS,27800000000
015360.KS,424600000000
015590.KS,133200000000
015710.KQ,58600000000
015750.KQ,616000000000
015760.KS,25357600000000
015860.KS,470300000000
015890.KS,143400000000
016100.KQ,28200000000
016250.KQ,66100000000
016360.KS,11091100000000
016380.KS,645100000000
016450.KS,172400000000
016580.KS,196000000000
016590.KS,406200000000
016610.KS,486900000000
016670.KQ,37500000000
016710.KS,121000000000
016740.KS,135900000000
016790.KQ,187300000000
016800.KS,335200000000
016880.KS,173000000000
016920.KQ,24600000000
017000.KQ,30300000000
017040.KS,40400000000
017180.KS,51600000000
017250.KQ,21700000000
017370.KS,89700000000
017390.KS,291100000000
017550.KS,168500000000
017650.KQ,81700000000
017670.KS,21564900000000
017800.KS,3174300000000
017810.KS,394500000000
017860.KS,325700000000
017890.KQ,251500000000
017900.KS,718500000000
017940.KS,596100000000
017960.KS,1798300000000
018000.KQ,265500000000
018120.KQ,114200000000
018250.KS,330100000000
018260.KS,20234300000000
018290.KQ,487100000000
018310.KQ,312400000000
018500.KS,75700000000
018620.KQ,17200000000
018670.KS,2263400000000
018700.KQ,19500000000
018880.KS,5418700000000
019010.KQ,250600000000
019170.KS,550900000000
019180.KS,166000000000
019210.KQ,641600000000
019490.KS,41300000000
019540.KQ,94300000000
019570.KQ,35700000000
019660.KQ,26100000000
019680.KS,98100000000
019770.KQ,42800000000
019990.KQ,73200000000
020000.KS,484300000000
020120.KS,143100000000
020150.KS,3047700000000
020560.KS,1528500000000
020710.KQ,79400000000
020760.KS,51000000000
021040.KQ,23400000000
021050.KS,68400000000
021240.KS,6475200000000
021320.KQ,121100000000
021650.KQ,33800000000
021820.KS,121700000000
021880.KQ,49900000000
022100.KS,4735900000000
022220.KQ,39600000000
023150.KS,28400000000
023160.KQ,914400000000
023350.KS,52000000000
023410.KQ,273700000000
023440.KQ,47000000000
023530.KS,4305500000000
023590.KS,1776900000000
023600.KQ,146000000000
023760.KQ,244300000000
023800.KS,105600000000
023810.KS,63900000000
023900.KQ,108700000000
023960.KS,41800000000
024070.KS,29800000000
024090.KS,128500000000
024110.KS,16347200000000
024120.KQ,40700000000
024720.KS,322700000000
024740.KQ,89200000000
024800.KQ,170600000000
024840.KQ,243400000000
024850.KQ,543600000000
024880.KQ,108300000000
024890.KS,29500000000
024900.KS,61800000000
024910.KQ,69300000000
024940.KQ,26300000000
024950.KQ,50400000000
025000.KS,222000000000
025320.KQ,467300000000
025440.KQ,38100000000
025530.KS,53700000000
025540.KS,806200000000
025550.KQ,85500000000
025560.KS,191400000000
025620.KS,138400000000
025750.KS,35700000000
025770.KQ,337000000000
025860.KS,367100000000
025870.KQ,14800000000
025880.KQ,42900000000
025900.KQ,465100000000
025980.KQ,498200000000
026040.KQ,39300000000
026150.KQ,87600000000
026890.KS,318700000000
026910.KQ,20300000000
026960.KS,2447600000000
027040.KQ,33400000000
027050.KQ,65100000000
027360.KQ,1842600000000
027410.KS,434600000000
027580.KQ,35300000000
027710.KQ,133800000000
027740.KS,45300000000
027970.KS,133100000000
028050.KS,10054800000000
028080.KQ,18800000000
028100.KS,203300000000
028260.KS,66569800000000
028300.KQ,6793100000000
028670.KS,3004300000000
029460.KS,383000000000
029480.KQ,116600000000
029530.KS,420700000000
029780.KS,5428000000000
030000.KS,2109900000000
030190.KS,825400000000
030200.KS,13458000000000
030210.KS,232400000000
030350.KQ,15200000000
030520.KQ,472200000000
030530.KQ,2309400000000
030610.KS,1368700000000
030720.KS,28200000000
031210.KS,3100100000000
031310.KQ,46000000000
031330.KQ,1769900000000
031430.KS,481800000000
031440.KS,170000000000
031510.KQ,31700000000
031820.KS,86100000000
031860.KQ,18700000000
031980.KQ,2602600000000
032190.KQ,783200000000
032350.KS,1498100000000
032500.KQ,1506200000000
032540.KQ,71200000000
032560.KS,99800000000
032620.KQ,183500000000
032640.KS,6507600000000
032680.KQ,25800000000
032750.KQ,28700000000
032790.KQ,39800000000
032800.KQ,18000000000
032820.KQ,2692500000000
032830.KS,70900000000000
032850.KQ,75800000000
032860.KQ,36800000000
032940.KQ,145700000000
032960.KQ,40600000000
032980.KQ,18400000000
033050.KQ,28400000000
033130.KQ,66600000000
033160.KQ,728000000000
033170.KQ,60300000000
033200.KQ,36400000000
033230.KQ,79800000000
033240.KS,976600000000
033250.KS,26500000000
033290.KQ,99200000000
033310.KQ,65100000000
033320.KQ,74300000000
033340.KQ,110200000000
033500.KQ,653800000000
033530.KS,227000000000
033540.KQ,49600000000
033560.KQ,57800000000
033640.KQ,876200000000
033780.KS,18654700000000
033790.KQ,885100000000
033830.KQ,46600000000
033920.KS,222000000000
034020.KS,69500900000000
034120.KS,259200000000
034220.KS,7065000000000
034230.KS,1301400000000
034310.KS,457300000000
034590.KS,114600000000
034730.KS,49301800000000
034810.KQ,215400000000
034830.KS,330300000000
034940.KQ,23800000000
034950.KQ,471800000000
035000.KS,116700000000
035080.KQ,112800000000
035150.KS,215700000000
035200.KQ,31800000000
035250.KS,3279700000000
035290.KQ,18100000000
035420.KS,31186500000000
035460.KQ,52200000000
035510.KS,214900000000
035600.KQ,277700000000
035610.KQ,94900000000
035620.KQ,23600000000
035720.KS,17888500000000
035760.KQ,882600000000
035810.KQ,322600000000
035890.KQ,473400000000
035900.KQ,2075100000000
036000.KQ,73400000000
036010.KQ,170800000000
036090.KQ,63400000000
036120.KQ,60200000000
036170.KQ,276800000000
036190.KQ,195600000000
036200.KQ,375600000000
036220.KQ,105600000000
036420.KS,98600000000
036460.KS,3355600000000
036530.KS,847800000000
036540.KQ,1545900000000
036570.KS,5978500000000
036580.KS,93500000000
036620.KQ,448000000000
036630.KQ,109000000000
036640.KQ,80500000000
036690.KQ,125700000000
036710.KQ,296400000000
036800.KQ,276000000000
036810.KQ,727400000000
036830.KQ,1033400000000
036890.KQ,337300000000
036930.KQ,10644200000000
037030.KQ,191600000000
037270.KS,255000000000
037330.KQ,54700000000
037350.KQ,155600000000
037370.KQ,37900000000
037400.KQ,25600000000
037440.KQ,78100000000
037460.KQ,775100000000
037560.KS,166100000000
037760.KQ,81200000000
037950.KQ,51800000000
038010.KQ,58400000000
038060.KQ,62400000000
038070.KQ,59200000000
038110.KQ,114500000000
038290.KQ,144600000000
038390.KQ,164200000000
038460.KQ,85700000000
038500.KQ,1343600000000
038530.KQ,25500000000
038540.KQ,116700000000
038620.KQ,32000000000
038680.KQ,77700000000
038870.KQ,35200000000
038880.KQ,33100000000
038950.KQ,30700000000
039010.KQ,84500000000
039020.KQ,70500000000
039030.KQ,6344600000000
039130.KS,583200000000
039200.KQ,1679500000000
039290.KQ,34500000000
039310.KQ,24100000000
039340.KQ,105400000000
039420.KQ,63400000000
039440.KQ,476800000000
039490.KS,10255300000000
039560.KQ,173900000000
039570.KS,202200000000
039610.KQ,79300000000
039740.KQ,38000000000
039830.KQ,197800000000
039840.KQ,210100000000
039860.KQ,201900000000
039980.KQ,117200000000
040160.KQ,165800000000
040300.KQ,131800000000
040350.KQ,78700000000
040420.KQ,90100000000
040610.KQ,60600000000
040910.KQ,92900000000
041020.KQ,211200000000
041190.KQ,494800000000
041440.KQ,150400000000
041460.KQ,70100000000
041510.KQ,1914000000000
041520.KQ,135300000000
041590.KQ,116100000000
041650.KS,54100000000
041830.KQ,625500000000
041910.KQ,90700000000
041920.KQ,295200000000
041930.KQ,102300000000
041960.KQ,547500000000
042000.KQ,483600000000
042040.KQ,19700000000
042110.KQ,65600000000
042370.KQ,364200000000
042420.KQ,183600000000
042500.KQ,104200000000
042510.KQ,132000000000
042520.KQ,496300000000
042600.KQ,212400000000
042660.KS,41335200000000
042700.KS,30404600000000
042940.KQ,56800000000
043090.KQ,4720000000
043100.KQ,10500000000
043150.KQ,293700000000
043200.KQ,34900000000
043220.KQ,27200000000
043260.KQ,3021300000000
043370.KQ,274700000000
043590.KQ,15800000000
043610.KQ,92400000000
043650.KQ,69400000000
043710.KQ,76200000000
043910.KQ,40500000000
044180.KQ,5480000000
044340.KQ,79700000000
044380.KS,22200000000
044450.KS,239200000000
044480.KQ,50000000000
044780.KQ,25300000000
044820.KS,177600000000
044990.KQ,110100000000
045060.KQ,37700000000
045100.KQ,595900000000
045300.KQ,34700000000
045390.KQ,236800000000
045510.KQ,33100000000
045520.KQ,17100000000
045660.KQ,76700000000
045970.KQ,125000000000
046070.KQ,159200000000
046120.KQ,299600000000
046210.KQ,71800000000
046310.KQ,40300000000
046390.KQ,33000000000
046440.KQ,162300000000
046890.KQ,827400000000
046940.KQ,69600000000
046970.KQ,393100000000
047040.KS,10991800000000
047050.KS,11540500000000
047080.KQ,33800000000
047310.KQ,181200000000
047400.KS,58000000000
047560.KQ,137400000000
047770.KQ,118300000000
047810.KS,16151600000000
047820.KQ,113000000000
047920.KQ,414600000000
048410.KQ,1369400000000
048430.KQ,77800000000
048530.KQ,93300000000
048550.KQ,89200000000
048770.KQ,94500000000
048830.KQ,19000000000
048870.KQ,164900000000
048910.KQ,72800000000
049070.KQ,350900000000
049080.KQ,128200000000
049120.KQ,23300000000
049180.KQ,84000000000
049430.KQ,171000000000
049470.KQ,47800000000
049480.KQ,79800000000
049520.KQ,116000000000
049550.KQ,66200000000
049630.KQ,263000000000
049720.KQ,139400000000
049800.KS,42000000000
049950.KQ,127700000000
049960.KQ,169800000000
050090.KQ,13400000000
050110.KQ,44500000000
050120.KQ,38900000000
050760.KQ,20700000000
050860.KQ,41200000000
050890.KQ,1042000000000
050960.KQ,58500000000
051160.KQ,119200000000
051360.KQ,284000000000
051370.KQ,271800000000
051390.KQ,49700000000
051490.KQ,47400000000
051500.KQ,276600000000
051600.KS,2353500000000
051780.KQ,17700000000
051900.KS,3861000000000
051910.KS,23366100000000
051980.KQ,179400000000
052020.KQ,1032000000000
052220.KQ,57500000000
052260.KQ,117500000000
052300.KQ,24400000000
052330.KQ,205900000000
052400.KQ,818500000000
052420.KQ,141100000000
052460.KQ,41900000000
052690.KS,5419600000000
052710.KQ,436200000000
052770.KQ,4550000000
052790.KQ,50400000000
052860.KQ,114000000000
052900.KQ,137400000000
053030.KQ,301300000000
053060.KQ,25400000000
053080.KQ,178100000000
053160.KQ,48800000000
053210.KS,209800000000
053260.KQ,108000000000
053270.KQ,59200000000
053280.KQ,75400000000
053290.KQ,27300000000
053300.KQ,227700000000
053350.KQ,59500000000
053450.KQ,69700000000
053580.KQ,96300000000
053610.KQ,780300000000
053620.KQ,61000000000
053690.KS,238900000000
053700.KQ,151600000000
053800.KQ,685400000000
053950.KQ,36300000000
053980.KQ,54300000000
054040.KQ,83700000000
054050.KQ,117300000000
054090.KQ,25300000000
054180.KQ,12700000000
054210.KQ,289100000000
054220.KQ,26900000000
054410.KQ,19000000000
054450.KQ,255200000000
054540.KQ,137200000000
054620.KQ,94400000000
054780.KQ,37900000000
054800.KQ,156900000000
054920.KQ,165600000000
054930.KQ,64500000000
054940.KQ,24200000000
054950.KQ,270200000000
055490.KS,98300000000
055550.KS,45092200000000
056080.KQ,814000000000
056090.KQ,157400000000
056190.KQ,1028800000000
056360.KQ,96300000000
056700.KQ,46800000000
056730.KQ,30900000000
057030.KQ,38100000000
057050.KS,957600000000
057540.KQ,44200000000
057680.KQ,34500000000
058110.KQ,37400000000
058400.KQ,79600000000
058430.KS,375600000000
058450.KQ,27400000000
058610.KQ,2703400000000
058630.KQ,91200000000
058650.KS,668200000000
058730.KS,55800000000
058820.KQ,192200000000
058850.KS,105400000000
058970.KQ,349900000000
059090.KQ,776900000000
059210.KQ,108500000000
060150.KQ,177600000000
060230.KQ,22200000000
060240.KQ,11500000000
060250.KQ,711600000000
060260.KQ,16000000000
060280.KQ,507100000000
060310.KQ,92300000000
060370.KQ,1789200000000
060380.KQ,25200000000
060540.KQ,35000000000
060560.KQ,62500000000
060570.KQ,68100000000
060590.KQ,89300000000
060720.KQ,303800000000
060850.KQ,50400000000
060900.KQ,21600000000
060980.KS,404900000000
061040.KQ,87600000000
061090.KQ,229600000000
061250.KQ,71500000000
061970.KQ,354300000000
062040.KS,8266300000000
063080.KQ,100200000000
063160.KS,97700000000
063170.KQ,103100000000
063440.KQ,56200000000
063570.KQ,129100000000
063760.KQ,33000000000
064090.KQ,39700000000
064240.KQ,63000000000
064260.KQ,475800000000
064290.KQ,522900000000
064350.KS,22592500000000
064400.KS,9165400000000
064520.KQ,39100000000
064550.KQ,255800000000
064800.KQ,84900000000
064820.KQ,373400000000
064850.KQ,297800000000
064960.KS,842700000000
065060.KQ,13400000000
065130.KQ,70200000000
065150.KQ,23100000000
065170.KQ,62100000000
065350.KQ,1271100000000
065370.KQ,30800000000
065420.KQ,17100000000
065440.KQ,80300000000
065450.KQ,120000000000
065500.KQ,57200000000
065510.KQ,81500000000
065530.KQ,85800000000
065570.KQ,12300000000
065650.KQ,46200000000
065680.KQ,368200000000
065690.KQ,22000000000
065710.KQ,222200000000
065770.KQ,23100000000
065950.KQ,35000000000
066310.KQ,126700000000
066360.KQ,38900000000
066410.KQ,159600000000
066430.KQ,127400000000
066570.KS,38277900000000
066590.KQ,91500000000
066620.KQ,174800000000
066670.KQ,47900000000
066700.KQ,101200000000
066790.KQ,97300000000
066900.KQ,41900000000
066910.KQ,45500000000
066970.KS,6056200000000
066980.KQ,104600000000
067000.KQ,106300000000
067080.KQ,244300000000
067160.KQ,587400000000
067170.KQ,101900000000
067280.KQ,152300000000
067290.KQ,87000000000
067310.KQ,3123800000000
067390.KQ,290200000000
067570.KQ,81800000000
067630.KQ,412100000000
067770.KQ,17000000000
067830.KS,109000000000
067900.KQ,120300000000
067920.KQ,66900000000
067990.KQ,127500000000
068050.KQ,34600000000
068100.KQ,31800000000
068240.KQ,96600000000
068270.KS,43202800000000
068290.KS,67600000000
068330.KQ,54700000000
068760.KQ,2173500000000
068790.KQ,155500000000
068930.KQ,221400000000
068940.KQ,35700000000
069080.KQ,322700000000
069140.KQ,25300000000
069260.KS,703900000000
069330.KQ,18400000000
069410.KQ,47600000000
069460.KS,46300000000
069510.KQ,137500000000
069540.KQ,623600000000
069620.KS,1560700000000
069640.KS,28300000000
069730.KS,76300000000
069920.KQ,12600000000
069960.KS,2264300000000
070300.KQ,51100000000
070590.KQ,23200000000
070960.KS,130900000000
071050.KS,13625000000000
071090.KS,74600000000
071200.KQ,194900000000
071280.KQ,136000000000
071320.KS,814000000000
071670.KQ,72500000000
071840.KS,162200000000
071850.KQ,36900000000
071950.KS,25200000000
071970.KS,2605200000000
072020.KQ,92700000000
072130.KS,60900000000
072470.KQ,61900000000
072710.KS,429000000000
072770.KQ,37500000000
072870.KQ,152800000000
072950.KQ,116700000000
072990.KQ,59000000000
073010.KQ,179100000000
073110.KQ,54200000000
073190.KQ,12400000000
073240.KS,1373100000000
073490.KQ,346000000000
073540.KQ,36400000000
073560.KQ,111300000000
073570.KQ,31100000000
073640.KQ,69600000000
074430.KQ,107100000000
074600.KQ,952900000000
074610.KS,44800000000
075130.KQ,34900000000
075180.KS,55800000000
075580.KS,927200000000
075970.KQ,36200000000
076080.KQ,21300000000
076610.KQ,119200000000
077360.KQ,737000000000
077500.KS,171500000000
077970.KS,1776600000000
078000.KS,133000000000
078020.KQ,393900000000
078070.KQ,226000000000
078130.KQ,417700000000
078140.KQ,107300000000
078150.KQ,341200000000
078160.KQ,530800000000
078340.KQ,331300000000
078350.KQ,561000000000
078520.KS,334800000000
078590.KQ,45900000000
078600.KQ,2338200000000
078860.KQ,25400000000
078890.KQ,136500000000
078930.KS,6950100000000
079160.KS,756700000000
079190.KQ,17400000000
079370.KQ,393900000000
079430.KS,135200000000
079550.KS,19250000000000
079650.KQ,23700000000
079810.KQ,100900000000
079900.KS,858000000000
079940.KQ,425400000000
079950.KQ,13700000000
079960.KQ,183900000000
079970.KQ,7650000000
079980.KS,79900000000
080010.KQ,73300000000
080160.KQ,185200000000
080220.KQ,3619900000000
080420.KQ,137800000000
080470.KQ,25700000000
080520.KQ,37300000000
080530.KQ,35600000000
080580.KQ,427100000000
080720.KQ,21600000000
081000.KS,170000000000
081150.KQ,84100000000
081580.KQ,43000000000
081660.KS,2017500000000
082210.KQ,58900000000
082270.KQ,721600000000
082640.KS,1189200000000
082660.KQ,47800000000
082740.KS,6008200000000
082800.KQ,152100000000
082850.KQ,88500000000
082920.KQ,2507300000000
083310.KQ,239700000000
083450.KQ,1109500000000
083470.KQ,21400000000
083500.KQ,187000000000
083550.KQ,44600000000
083640.KQ,22200000000
083650.KQ,2416800000000
083660.KQ,17600000000
083790.KQ,88500000000
083930.KQ,206400000000
084010.KS,331700000000
084110.KQ,427900000000
084180.KQ,16500000000
084370.KQ,3018000000000
084440.KQ,21200000000
084650.KQ,89100000000
084670.KS,115100000000
084690.KS,346900000000
084730.KQ,85000000000
084850.KQ,321000000000
084870.KS,39900000000
084990.KQ,318000000000
085310.KS,86700000000
085620.KS,2014200000000
085660.KQ,1292300000000
085670.KQ,124700000000
085810.KQ,21800000000
085910.KQ,420800000000
086040.KQ,43600000000
086060.KQ,34300000000
086280.KS,17212500000000
086390.KQ,376200000000
086450.KQ,936300000000
086520.KQ,19402400000000
086670.KQ,146900000000
086710.KQ,102100000000
086790.KS,32485100000000
086820.KQ,212600000000
086900.KQ,713800000000
086960.KQ,134900000000
086980.KQ,168200000000
087260.KQ,27200000000
087600.KQ,44000000000
088130.KQ,155300000000
088260.KS,277400000000
088290.KQ,25100000000
088340.KQ,45500000000
088350.KS,4481600000000
088390.KQ,104100000000
088790.KS,36400000000
088800.KQ,288400000000
088910.KQ,59200000000
089010.KQ,638900000000
089030.KQ,2012000000000
089140.KQ,37000000000
089230.KQ,110200000000
089470.KS,136900000000
089590.KS,402400000000
089600.KQ,127700000000
089790.KQ,64100000000
089850.KQ,68600000000
089860.KS,1141900000000
089890.KQ,651800000000
089970.KQ,1585400000000
089980.KQ,359800000000
090080.KS,52700000000
090150.KQ,26200000000
090350.KS,159000000000
090360.KQ,789800000000
090370.KS,31300000000
090410.KQ,51300000000
090430.KS,6820300000000
090460.KS,1181600000000
090470.KQ,110600000000
090710.KQ,1312800000000
090850.KQ,115500000000
091120.KQ,95300000000
091340.KQ,29400000000
091440.KQ,83000000000
091580.KQ,295900000000
091590.KQ,42500000000
091700.KQ,351500000000
091810.KS,368800000000
091970.KQ,37100000000
092040.KQ,120800000000
092070.KQ,237800000000
092130.KQ,169500000000
092190.KQ,569200000000
092200.KS,329000000000
092220.KS,209200000000
092230.KS,359100000000
092300.KQ,75300000000
092440.KS,62100000000
092460.KQ,370400000000
092600.KQ,18800000000
092730.KQ,295700000000
092780.KS,66800000000
092790.KS,417600000000
092870.KQ,441800000000
093050.KS,659400000000
093190.KQ,141600000000
093240.KS,48600000000
093320.KQ,539700000000
093370.KS,1315000000000
093380.KQ,27300000000
093520.KQ,282100000000
093640.KQ,139200000000
093920.KQ,93200000000
094280.KS,141000000000
094360.KQ,352000000000
094480.KQ,258900000000
094820.KQ,226200000000
094840.KQ,98700000000
094850.KQ,67300000000
094860.KQ,74400000000
094940.KQ,108700000000
094970.KQ,53100000000
095190.KQ,149800000000
095270.KQ,73400000000
095340.KQ,4917700000000
095500.KQ,268900000000
095570.KS,209700000000
095610.KQ,2303800000000
095660.KQ,421900000000
095700.KQ,175600000000
095720.KS,96500000000
095910.KQ,75200000000
096240.KQ,98900000000
096250.KQ,109000000000
096350.KQ,86400000000
096530.KQ,1634700000000
096610.KQ,51600000000
096630.KQ,44500000000
096690.KQ,23800000000
096760.KS,281300000000
096770.KS,19508700000000
097230.KS,1954900000000
097520.KS,376700000000
097780.KQ,33700000000
097870.KQ,49000000000
097950.KS,3108700000000
098070.KQ,390900000000
098120.KQ,292600000000
098460.KQ,2540200000000
098660.KQ,19900000000
099190.KQ,536300000000
099220.KQ,67000000000
099320.KQ,1582500000000
099390.KQ,33200000000
099410.KQ,62300000000
099430.KQ,363100000000
099440.KQ,254500000000
099520.KQ,58100000000
099750.KQ,107400000000
100030.KQ,60700000000
100090.KS,1128400000000
100120.KQ,257000000000
100130.KQ,104400000000
100220.KS,73300000000
100250.KS,189500000000
100590.KQ,120500000000
100660.KQ,49200000000
100700.KQ,103800000000
100790.KQ,2985600000000
100840.KS,848900000000
101000.KQ,27900000000
101160.KQ,439200000000
101170.KQ,176600000000
101330.KQ,108100000000
101360.KQ,249500000000
101390.KQ,6700000000
101400.KQ,22100000000
101490.KQ,1523300000000
101530.KS,177900000000
101670.KQ,97100000000
101730.KQ,358700000000
101930.KQ,511000000000
102120.KQ,222400000000
102260.KS,202200000000
102370.KQ,80900000000
102460.KS,208200000000
102710.KQ,688700000000
102940.KQ,718700000000
103140.KS,2348400000000
103590.KS,4754200000000
104040.KQ,69700000000
104200.KQ,51200000000
104460.KQ,107100000000
104480.KQ,181200000000
104540.KQ,59600000000
104620.KQ,68900000000
104830.KQ,573700000000
105330.KQ,150700000000
105550.KQ,49300000000
105560.KS,57344400000000
105630.KS,363600000000
105740.KQ,82400000000
105760.KQ,53100000000
105840.KS,429200000000
106080.KQ,9510000000
106240.KQ,49800000000
106520.KQ,15900000000
107590.KS,132500000000
107640.KQ,456000000000
108230.KQ,154400000000
108320.KS,933600000000
108380.KQ,217700000000
108490.KQ,4433800000000
108670.KS,309800000000
108860.KQ,284200000000
109070.KS,74600000000
109610.KQ,116600000000
109670.KQ,21900000000
109740.KQ,114000000000
109820.KQ,39100000000
109860.KQ,67200000000
109960.KQ,33800000000
110790.KQ,81700000000
110990.KQ,453600000000
111110.KS,66600000000
111380.KS,82200000000
111770.KS,3611400000000
112040.KQ,652800000000
112610.KS,2104400000000
113810.KQ,21200000000
114090.KS,673600000000
114190.KQ,300900000000
114630.KQ,33900000000
114810.KQ,439800000000
114840.KQ,175100000000
115160.KQ,32300000000
115180.KQ,1173200000000
115310.KQ,153600000000
115440.KQ,158400000000
115450.KQ,252900000000
115480.KQ,26300000000
115530.KQ,19900000000
115570.KQ,22400000000
115610.KQ,24400000000
117580.KS,209600000000
117670.KQ,104700000000
117730.KQ,399100000000
118000.KS,26400000000
118990.KQ,198000000000
119610.KQ,244800000000
119650.KS,100800000000
119830.KQ,192100000000
119850.KQ,412000000000
120110.KS,2240000000000
121440.KQ,198300000000
121600.KQ,835700000000
121800.KQ,256300000000
121850.KQ,12000000000
122310.KQ,61100000000
122350.KQ,45300000000
122450.KQ,136500000000
122640.KQ,642600000000
122690.KQ,43300000000
122870.KQ,857000000000
122900.KS,245000000000
122990.KQ,212600000000
123010.KQ,85900000000
123040.KQ,128400000000
123330.KQ,155400000000
123410.KQ,193200000000
123420.KQ,71500000000
123570.KQ,40700000000
123690.KS,123600000000
123700.KS,55700000000
123750.KQ,23100000000
123840.KQ,27300000000
123890.KS,284500000000
124500.KQ,1109200000000
124560.KQ,80300000000
125210.KQ,187200000000
125490.KQ,577100000000
126340.KQ,1142300000000
126560.KS,324300000000
126600.KQ,228800000000
126700.KQ,217300000000
126720.KS,395700000000
126730.KQ,207900000000
126880.KQ,76900000000
127120.KQ,1284400000000
127710.KQ,46300000000
127980.KQ,60300000000
128540.KQ,41400000000
128660.KQ,76500000000
128820.KS,277300000000
128940.KS,6264600000000
129260.KS,62600000000
129890.KQ,42500000000
129920.KQ,130000000000
130500.KQ,33500000000
130580.KQ,84500000000
130660.KS,472000000000
130740.KQ,21200000000
131090.KQ,31200000000
131100.KQ,32400000000
131180.KQ,25600000000
131220.KQ,32200000000
131290.KQ,2322900000000
131370.KQ,107900000000
131400.KQ,88500000000
131760.KQ,42900000000
131970.KQ,3171600000000
133750.KQ,36600000000
133820.KS,44100000000
134580.KQ,67500000000
134790.KS,38000000000
136410.KQ,66700000000
136480.KQ,309600000000
136490.KS,236800000000
136540.KQ,136900000000
137080.KQ,53400000000
137310.KS,968400000000
137400.KQ,1087400000000
137940.KQ,19700000000
137950.KQ,79400000000
138040.KS,17521300000000
138070.KQ,28400000000
138080.KQ,485200000000
138360.KQ,227100000000
138930.KS,5319000000000
139130.KS,2915300000000
139480.KS,2431200000000
139670.KQ,24600000000
139990.KS,113900000000
140070.KQ,86000000000
140410.KQ,2163900000000
140520.KQ,42300000000
140670.KQ,186700000000
140860.KQ,1957200000000
141000.KQ,118800000000
141080.KQ,6026800000000
142210.KQ,180300000000
142280.KQ,115400000000
142760.KQ,29700000000
143160.KQ,176400000000
143210.KS,26200000000
143240.KQ,162600000000
143540.KQ,64200000000
144510.KQ,319200000000
144960.KQ,433400000000
145020.KQ,3137500000000
145170.KQ,75900000000
145210.KS,9460000000
145270.KS,38800000000
145720.KS,415700000000
145990.KS,444500000000
146060.KQ,26600000000
146320.KQ,198400000000
148150.KQ,142300000000
148250.KQ,42100000000
148780.KQ,21700000000
148930.KQ,28100000000
149950.KQ,200100000000
149980.KQ,110200000000
150900.KQ,51400000000
151860.KQ,283700000000
153490.KQ,40700000000
154030.KQ,21300000000
154040.KQ,17600000000
155650.KQ,74900000000
155660.KS,67400000000
156100.KQ,127800000000
158430.KQ,170900000000
159010.KQ,229900000000
159580.KQ,62000000000
159910.KQ,33900000000
160190.KQ,1062500000000
160550.KQ,39000000000
160980.KQ,366500000000
161000.KS,649500000000
161390.KS,7742200000000
161580.KQ,1134600000000
161890.KS,2041800000000
162300.KQ,65000000000
163560.KS,93400000000
163730.KQ,165400000000
166090.KQ,1469500000000
166480.KQ,252500000000
168330.KQ,84300000000
168360.KQ,458000000000
169330.KQ,33900000000
170030.KQ,85800000000
170790.KQ,58700000000
170900.KS,398800000000
170920.KQ,443700000000
171010.KQ,55100000000
171090.KQ,909200000000
171120.KQ,82000000000
172670.KQ,154900000000
173130.KQ,98100000000
173940.KQ,53700000000
175140.KQ,84100000000
175250.KQ,81500000000
175330.KS,4584000000000
176750.KQ,209700000000
177350.KQ,17200000000
177830.KQ,33900000000
178320.KQ,5009900000000
178780.KQ,46500000000
179290.KQ,161800000000
179530.KQ,52200000000
179900.KQ,441300000000
180400.KQ,311500000000
180640.KS,7504100000000
181710.KS,1226600000000
182360.KQ,111200000000
182400.KQ,265500000000
183190.KS,365100000000
183300.KQ,1044000000000
183490.KQ,83800000000
184230.KQ,68000000000
185490.KQ,82400000000
185750.KS,1087700000000
186230.KQ,43800000000
187220.KQ,32800000000
187270.KQ,35700000000
187420.KQ,74100000000
187660.KQ,402700000000
187790.KQ,200500000000
187870.KQ,353900000000
188040.KQ,24600000000
189300.KQ,1626700000000
189330.KQ,83000000000
189690.KQ,52600000000
189860.KQ,62700000000
189980.KQ,52800000000
190510.KQ,256800000000
191410.KQ,19600000000
191420.KQ,83500000000
192080.KS,1437700000000
192250.KQ,78400000000
192390.KQ,18700000000
192400.KS,881900000000
192410.KQ,158900000000
192440.KQ,197100000000
192650.KS,349000000000
192820.KS,1999800000000
193250.KQ,22300000000
194370.KS,339500000000
194480.KQ,205100000000
194700.KQ,299200000000
195870.KS,1569100000000
195940.KQ,1300300000000
195990.KQ,33400000000
196170.KQ,20711100000000
196450.KQ,64300000000
196490.KQ,69100000000
196700.KQ,21400000000
197140.KQ,23400000000
198080.KQ,64100000000
198940.KQ,49700000000
199430.KQ,216900000000
199480.KQ,41600000000
199550.KQ,64400000000
199800.KQ,595600000000
199820.KQ,286000000000
200130.KQ,321500000000
200230.KQ,32100000000
200350.KQ,42500000000
200670.KQ,322300000000
200710.KQ,565400000000
200780.KQ,42700000000
200880.KS,367000000000
201490.KQ,83400000000
203400.KQ,186100000000
203450.KQ,39400000000
203650.KQ,384200000000
203690.KQ,89200000000
204020.KQ,44100000000
204210.KS,15900000000
204270.KQ,1206100000000
204320.KS,2916000000000
204610.KQ,156000000000
204620.KQ,327500000000
204840.KQ,73800000000
205100.KQ,123800000000
205470.KQ,101800000000
205500.KQ,119700000000
206400.KQ,43200000000
206560.KQ,43800000000
206640.KQ,236800000000
206650.KQ,386300000000
207760.KQ,61600000000
207940.KS,64066700000000
208140.KQ,75700000000
208350.KQ,25200000000
208370.KQ,94300000000
208640.KQ,23500000000
208710.KQ,60700000000
208860.KQ,36200000000
209640.KQ,226400000000
210120.KQ,26500000000
210540.KS,148700000000
210980.KS,226200000000
211050.KQ,463100000000
212710.KQ,135400000000
213420.KQ,1055300000000
213500.KS,158700000000
214150.KQ,3154100000000
214180.KQ,222700000000
214260.KQ,66100000000
214270.KQ,62200000000
214320.KS,814000000000
214330.KS,65700000000
214370.KQ,5011600000000
214420.KS,150100000000
214430.KQ,566300000000
214450.KQ,3106500000000
214610.KQ,19200000000
214680.KQ,129800000000
215000.KQ,268300000000
215090.KQ,44300000000
215100.KQ,121900000000
215200.KQ,415100000000
215360.KQ,74900000000
215480.KQ,21500000000
215600.KQ,430900000000
215790.KQ,89800000000
216050.KQ,77100000000
216080.KQ,199500000000
217190.KQ,87300000000
217270.KQ,145300000000
217330.KQ,111900000000
217480.KQ,54800000000
217500.KQ,77300000000
217590.KS,607200000000
217730.KQ,293000000000
217820.KQ,131200000000
218150.KQ,48300000000
218410.KQ,2628800000000
219130.KQ,397800000000
219420.KQ,58700000000
219550.KQ,59900000000
219750.KQ,41000000000
220100.KQ,370500000000
220180.KQ,42400000000
221840.KQ,44200000000
221980.KQ,41300000000
222040.KQ,166100000000
222080.KQ,977700000000
222160.KQ,79600000000
222800.KQ,4570600000000
222980.KQ,23200000000
223250.KQ,141000000000
223310.KQ,41600000000
224060.KQ,25800000000
224110.KQ,40900000000
225190.KQ,136400000000
225220.KQ,33600000000
225530.KQ,98800000000
225570.KQ,711900000000
225590.KQ,22700000000
226320.KS,249100000000
226330.KQ,58700000000
226340.KQ,22200000000
226400.KQ,110700000000
226590.KQ,211400000000
226950.KQ,3597300000000
227100.KQ,14800000000
227610.KQ,30200000000
227840.KS,114800000000
227950.KQ,86800000000
228670.KQ,101700000000
228760.KQ,352000000000
228850.KQ,115500000000
229000.KQ,78800000000
229640.KS,2339700000000
230240.KQ,437900000000
230360.KQ,496000000000
230980.KQ,1120000000
232140.KQ,1482600000000
232680.KQ,295100000000
232830.KQ,69400000000
234030.KQ,129400000000
234080.KS,183200000000
234100.KQ,58700000000
234300.KQ,83500000000
234340.KQ,391200000000
234690.KQ,184500000000
234920.KQ,71800000000
235980.KQ,129200000000
236200.KQ,302300000000
236810.KQ,24800000000
237690.KQ,2914000000000
237820.KQ,48400000000
237880.KQ,209400000000
238090.KQ,98600000000
238120.KQ,57800000000
238200.KQ,22900000000
238490.KQ,34000000000
239340.KQ,31700000000
239610.KQ,37800000000
240550.KQ,151400000000
240600.KQ,19000000000
240810.KQ,5512100000000
241520.KQ,354600000000
241560.KS,6527800000000
241590.KS,220500000000
241690.KQ,78100000000
241710.KQ,733700000000
241770.KQ,411800000000
241790.KQ,71600000000
241820.KQ,16800000000
241840.KQ,33800000000
242040.KQ,229100000000
243070.KQ,388700000000
243840.KQ,295000000000
244460.KQ,13400000000
244920.KS,241000000000
245620.KQ,57500000000
246690.KQ,57600000000
246710.KQ,103900000000
246720.KQ,99400000000
246960.KQ,56900000000
247540.KQ,20886800000000
248070.KS,989800000000
248170.KS,111000000000
249420.KS,692900000000
250000.KQ,50000000000
250060.KQ,124700000000
250930.KQ,14500000000
251270.KS,3379800000000
251370.KQ,279900000000
251630.KQ,88200000000
251970.KQ,462500000000
253450.KQ,810100000000
253590.KQ,694900000000
253840.KQ,102100000000
254120.KQ,37400000000
254490.KQ,433100000000
255220.KQ,236700000000
255440.KQ,127700000000
256630.KQ,60200000000
256840.KQ,228800000000
256940.KQ,139700000000
257370.KQ,30400000000
257720.KQ,2442700000000
258610.KQ,43200000000
258790.KQ,42900000000
258830.KQ,31200000000
259630.KQ,176100000000
259960.KS,11763800000000
260930.KQ,66000000000
261200.KQ,49600000000
262260.KQ,121800000000
262840.KQ,35000000000
263020.KQ,46200000000
263050.KQ,35300000000
263600.KQ,82400000000
263690.KQ,61200000000
263700.KQ,43100000000
263720.KQ,119700000000
263750.KQ,2846200000000
263810.KQ,45300000000
263860.KQ,151600000000
263920.KQ,32500000000
264450.KQ,203900000000
264660.KQ,174300000000
264850.KQ,216300000000
265520.KQ,389100000000
265560.KQ,92500000000
265740.KQ,102400000000
267250.KS,22552500000000
267260.KS,39435600000000
267270.KS,7710600000000
267290.KS,130600000000
267320.KQ,177400000000
267790.KQ,26400000000
267850.KS,112900000000
267980.KQ,261300000000
268280.KS,503500000000
269620.KQ,132100000000
270520.KQ,28700000000
270660.KQ,192900000000
270870.KQ,36800000000
271560.KS,5270200000000
271830.KQ,35500000000
271940.KS,528400000000
271980.KS,176900000000
272110.KQ,270900000000
272210.KS,20705600000000
272290.KQ,653000000000
272450.KS,321000000000
272550.KS,150800000000
273060.KQ,53600000000
274090.KQ,446900000000
274400.KQ,27900000000
275630.KQ,20600000000
276040.KQ,7070000000
276730.KQ,30300000000
277070.KQ,54300000000
277410.KQ,37300000000
277810.KQ,14200700000000
277880.KQ,92200000000
278280.KQ,584700000000
278470.KS,14413700000000
278650.KQ,64800000000
279600.KQ,23700000000
280360.KS,1057600000000
281740.KQ,1264700000000
281820.KS,1342300000000
282330.KS,2184700000000
282720.KQ,120100000000
282880.KQ,177300000000
284620.KQ,36000000000
284740.KS,501500000000
285130.KS,757700000000
285490.KQ,190400000000
285800.KQ,24600000000
286750.KQ,43200000000
286940.KS,307900000000
288330.KQ,44100000000
288620.KQ,69600000000
288980.KQ,37500000000
289010.KQ,20700000000
289080.KQ,190900000000
289220.KQ,45000000000
290090.KQ,43300000000
290120.KQ,45300000000
290270.KQ,33500000000
290520.KQ,35200000000
290550.KQ,520000000000
290650.KQ,2130600000000
290660.KQ,83400000000
290670.KQ,64800000000
290720.KQ,112200000000
290740.KQ,146500000000
291230.KQ,27100000000
293490.KQ,878100000000
293580.KQ,196000000000
293780.KQ,179000000000
293940.KS,653100000000
294090.KQ,62300000000
294140.KQ,61000000000
294570.KQ,250800000000
294870.KS,1374200000000
296640.KQ,34500000000
297090.KQ,151100000000
297570.KQ,40800000000
297890.KQ,159100000000
298000.KS,147500000000
298020.KS,1653200000000
298040.KS,34323700000000
298050.KS,969900000000
298060.KQ,27200000000
298380.KQ,6634500000000
298540.KQ,97200000000
298690.KS,218800000000
298830.KQ,351800000000
299030.KQ,167100000000
299170.KQ,76300000000
299900.KQ,56400000000
300080.KQ,141600000000
300120.KQ,33500000000
300720.KS,1079600000000
301300.KQ,25500000000
302430.KQ,99400000000
302440.KS,3216700000000
302550.KQ,89300000000
303530.KQ,28700000000
304100.KQ,236100000000
304360.KQ,384600000000
304840.KQ,28300000000
306040.KQ,35500000000
306200.KS,418100000000
306620.KQ,165400000000
307180.KQ,288500000000
307280.KQ,48800000000
307750.KQ,161700000000
307870.KQ,78100000000
307950.KS,20979300000000
308080.KQ,280800000000
308100.KQ,17900000000
308170.KS,36700000000
309710.KQ,268400000000
309930.KQ,17900000000
309960.KQ,114900000000
310200.KQ,120000000000
310210.KQ,5189400000000
310870.KQ,35100000000
311320.KQ,108100000000
311390.KQ,43500000000
311690.KQ,73300000000
313760.KQ,5240000000
314130.KQ,255300000000
314930.KQ,307200000000
316140.KS,22499400000000
317120.KQ,35200000000
317240.KQ,31900000000
317330.KQ,406700000000
317400.KS,146000000000
317450.KS,713200000000
317530.KQ,61200000000
317690.KQ,66100000000
317770.KQ,113100000000
317830.KQ,95800000000
317850.KQ,64400000000
317870.KQ,53700000000
318000.KQ,33600000000
318010.KQ,28400000000
318020.KQ,36400000000
318060.KQ,282700000000
318160.KQ,55700000000
318410.KQ,38100000000
319400.KQ,4109800000000
319660.KQ,3096500000000
320000.KQ,84000000000
321260.KQ,125200000000
321370.KQ,184200000000
321550.KQ,219900000000
321820.KQ,61900000000
322000.KS,2102200000000
322180.KQ,148300000000
322310.KQ,270700000000
322510.KQ,124300000000
322780.KQ,21500000000
323280.KQ,2000200000000
326030.KS,7416300000000
327260.KQ,730600000000
328130.KQ,1277900000000
328380.KQ,20200000000
329180.KS,78091200000000
331520.KQ,26400000000
331740.KQ,118200000000
331920.KQ,132000000000
332290.KQ,41800000000
332370.KQ,69300000000
332570.KQ,568500000000
333430.KQ,139200000000
333620.KQ,66900000000
334890.KS,277100000000
335810.KQ,43000000000
336060.KQ,38500000000
336260.KS,6647600000000
336370.KS,667100000000
336570.KQ,791000000000
336680.KQ,133100000000
337930.KQ,94100000000
338220.KQ,136100000000
339770.KS,205600000000
339950.KQ,118700000000
340360.KQ,73600000000
340570.KQ,499100000000
340810.KQ,39800000000
340930.KQ,55500000000
342870.KQ,32700000000
344820.KS,410400000000
347000.KQ,75100000000
347700.KQ,2243500000000
347740.KQ,62100000000
347770.KQ,38900000000
347850.KQ,4327800000000
347860.KQ,78100000000
347890.KQ,97700000000
348030.KQ,21100000000
348150.KQ,79800000000
348210.KQ,724000000000
348340.KQ,720700000000
348350.KQ,109800000000
348370.KQ,764700000000
348950.KS,233300000000
350520.KS,128800000000
351320.KQ,42400000000
351330.KQ,54500000000
351870.KQ,33700000000
352090.KQ,98600000000
352480.KQ,288300000000
352700.KQ,46900000000
352770.KQ,13600000000
352820.KS,10042800000000
352910.KQ,67500000000
353190.KQ,21100000000
353200.KS,8079700000000
353590.KQ,31300000000
353810.KQ,218000000000
354200.KQ,29500000000
354320.KQ,504900000000
355390.KQ,39700000000
355690.KQ,40800000000
356860.KQ,1266400000000
356890.KQ,37500000000
357230.KQ,114600000000
357430.KS,25600000000
357550.KQ,266500000000
357580.KQ,158300000000
357780.KQ,3208700000000
357880.KQ,262100000000
359090.KQ,33900000000
360350.KQ,68400000000
361570.KQ,51600000000
361610.KS,1569500000000
361670.KQ,16700000000
362320.KQ,91400000000
362990.KQ,24100000000
363250.KQ,35400000000
363260.KQ,38200000000
363280.KS,101700000000
364950.KQ,47000000000
365330.KQ,144700000000
365340.KQ,812700000000
365550.KS,1016300000000
365900.KQ,22700000000
366030.KQ,121200000000
367000.KQ,29400000000
368600.KQ,20600000000
368770.KQ,614700000000
368970.KQ,17600000000
369370.KQ,49800000000
371950.KQ,183300000000
372170.KQ,228600000000
372320.KQ,546600000000
372800.KQ,24200000000
372910.KS,59800000000
373110.KQ,25500000000
373160.KQ,57600000000
373200.KQ,70900000000
373220.KS,89739000000000
375500.KS,3033600000000
376180.KQ,39100000000
376270.KQ,386100000000
376290.KQ,50100000000
376300.KQ,608900000000
376900.KQ,941300000000
376930.KQ,55700000000
376980.KQ,26900000000
377030.KQ,27600000000
377190.KS,233400000000
377220.KQ,27800000000
377300.KS,6323200000000
377330.KQ,26900000000
377450.KQ,178000000000
377460.KQ,253200000000
377480.KQ,90700000000
377740.KS,509400000000
378340.KQ,354900000000
378800.KQ,57200000000
378850.KS,65900000000
380540.KQ,206700000000
380550.KQ,199800000000
381620.KQ,169500000000
382150.KQ,82800000000
382480.KQ,100400000000
382800.KQ,254600000000
382840.KQ,134500000000
382900.KQ,304000000000
383220.KS,2850000000000
383310.KQ,647100000000
383800.KS,686500000000
384470.KQ,58300000000
387570.KQ,39300000000
388050.KQ,199300000000
388210.KQ,1116100000000
388720.KQ,1049700000000
388870.KQ,90200000000
389030.KQ,130200000000
389140.KQ,100500000000
389260.KQ,298500000000
389470.KQ,716100000000
393210.KQ,54700000000
393890.KQ,511700000000
393970.KQ,50400000000
394280.KQ,451600000000
394420.KQ,311600000000
394800.KQ,310600000000
395400.KS,1739900000000
396470.KQ,131400000000
396690.KS,56800000000
397810.KQ,28700000000
398120.KQ,30600000000
399720.KQ,699700000000
400760.KS,167000000000
402340.KS,168378900000000
402490.KQ,288700000000
403490.KQ,41900000000
403550.KS,442700000000
403850.KQ,182500000000
404990.KS,229000000000
405000.KQ,21300000000
405100.KQ,235200000000
405920.KQ,30700000000
406820.KQ,42400000000
407400.KQ,42400000000
408470.KQ,106800000000
408900.KQ,60400000000
408920.KQ,141600000000
411080.KQ,100000000000
412350.KQ,145400000000
412540.KQ,81100000000
413390.KQ,84200000000
413630.KQ,111700000000
413640.KQ,54000000000
416180.KQ,274800000000
417010.KQ,253400000000
417180.KQ,20500000000
417200.KQ,1569500000000
417500.KQ,130200000000
417840.KQ,430400000000
417860.KQ,34000000000
417970.KQ,110900000000
418550.KQ,248100000000
418620.KQ,26800000000
419050.KQ,94300000000
419080.KQ,60900000000
419120.KQ,50500000000
419530.KQ,259800000000
420570.KQ,55700000000
420770.KQ,1564200000000
424960.KQ,99700000000
425040.KQ,476700000000
425420.KQ,669200000000
430690.KQ,43600000000
431190.KQ,28600000000
432320.KS,234400000000
432430.KQ,43700000000
432470.KQ,95200000000
434480.KQ,42700000000
435570.KQ,54800000000
437730.KQ,1931000000000
438700.KQ,29800000000
439090.KQ,255600000000
439260.KS,2571000000000
439580.KQ,82200000000
440110.KQ,5856300000000
440320.KQ,34400000000
441270.KQ,402300000000
443060.KS,10804900000000
443250.KQ,82100000000
443670.KQ,108900000000
445090.KQ,333800000000
445680.KQ,1538000000000
448280.KQ,331300000000
448900.KQ,625100000000
450330.KQ,49500000000
450520.KQ,38200000000
450950.KQ,338300000000
451220.KQ,113500000000
451250.KQ,78200000000
451760.KQ,286700000000
452160.KQ,47500000000
452190.KQ,165800000000
452260.KS,581600000000
452400.KQ,68700000000
452450.KQ,205000000000
453340.KS,565000000000
453450.KQ,154200000000
454910.KS,6676500000000
455180.KQ,30600000000
456010.KQ,509300000000
456040.KS,1070700000000
457190.KS,2888900000000
457600.KQ,22600000000
458350.KQ,55300000000
458650.KQ,196900000000
458870.KQ,1265500000000
459100.KQ,85800000000
459550.KQ,43800000000
460850.KS,174900000000
460930.KQ,599100000000
460940.KQ,100000000000
462310.KQ,25600000000
462350.KQ,336600000000
462520.KS,173100000000
462860.KQ,200200000000
462870.KS,1654100000000
462980.KQ,29400000000
463480.KQ,80400000000
464490.KQ,113000000000
464500.KQ,44400000000
465480.KQ,59600000000
465770.KS,22800000000
466100.KQ,1042600000000
469610.KQ,179600000000
471820.KQ,54900000000
472850.KQ,252700000000
473980.KQ,163200000000
474650.KQ,296600000000
475150.KS,1398500000000
475230.KQ,155700000000
475400.KQ,333300000000
475460.KQ,41400000000
475560.KS,261400000000
475580.KQ,123200000000
475830.KQ,1581200000000
475960.KQ,584200000000
476040.KQ,107900000000
476080.KQ,43400000000
478560.KQ,77000000000
480370.KS,61100000000
481070.KQ,203800000000
481850.KS,41700000000
483650.KS,2571300000000
484120.KQ,206800000000
486990.KQ,568900000000
487570.KS,206000000000
488280.KQ,271200000000
489460.KQ,96000000000
489500.KQ,233900000000
489790.KS,3438300000000
490470.KQ,1400800000000
491000.KQ,1542800000000
493330.KQ,119800000000
494120.KQ,307700000000
499790.KS,861700000000
900070.KQ,32800000000
900100.KQ,19500000000
900110.KQ,26300000000
900120.KQ,14600000000
900140.KS,276300000000
900250.KQ,83500000000
900260.KQ,75500000000
900270.KQ,22600000000
900290.KQ,286300000000
900300.KQ,35400000000
900310.KQ,33300000000
900340.KQ,37300000000
950130.KQ,113300000000
950140.KQ,198700000000
950170.KQ,255400000000
950190.KQ,93700000000
950200.KQ,59500000000
950210.KS,444100000000
950220.KQ,84000000000
A,
AAPL,
ABBV,
ABNB,
ABT,
ACGL,
ACN,
ADBE,
ADI,
ADM,
ADP,
ADSK,
AEE,
AEP,
AES,
AFL,
AIG,
AIZ,
AJG,
AKAM,
ALB,
ALGN,
ALL,
ALLE,
AMAT,
AMCR,
AMD,
AME,
AMGN,
AMP,
AMT,
AMZN,
ANET,
AON,
AOS,
APA,
APD,
APH,
APO,
APP,
APTV,
ARE,
ARES,
ATO,
AVB,
AVGO,
AVY,
AWK,
AXON,
AXP,
AZO,
BA,
BAC,
BALL,
BAX,
BBY,
BDX,
BEN,
BG,
BIIB,
BK,
BKNG,
BKR,
BLDR,
BLK,
BMY,
BR,
BRO,
BSX,
BX,
BXP,
C,
CAG,
CAH,
CARR,
CASY,
CAT,
CB,
CBOE,
CBRE,
CCI,
CCL,
CDNS,
CDW,
CEG,
CF,
CFG,
CHD,
CHRW,
CHTR,
CI,
CIEN,
CINF,
CL,
CLX,
CMCSA,
CME,
CMG,
CMI,
CMS,
CNC,
CNP,
COF,
COHR,
COIN,
COO,
COP,
COR,
COST,
CPAY,
CPB,
CPRT,
CPT,
CRH,
CRL,
CRM,
CRWD,
CSCO,
CSGP,
CSX,
CTAS,
CTSH,
CTVA,
CVNA,
CVS,
CVX,
D,
DAL,
DASH,
DD,
DDOG,
DE,
DECK,
DELL,
DG,
DGX,
DHI,
DHR,
DIS,
DLR,
DLTR,
DOC,
DOV,
DOW,
DPZ,
DRI,
DTE,
DUK,
DVA,
DVN,
DXCM,
EA,
EBAY,
ECL,
ED,
EFX,
EG,
EIX,
EL,
ELV,
EME,
EMR,
EOG,
EPAM,
EQIX,
EQR,
EQT,
ERIE,
ES,
ESS,
ETN,
ETR,
EVRG,
EW,
EXC,
EXE,
EXPD,
EXPE,
EXR,
F,
FANG,
FAST,
FCX,
FDS,
FDX,
FE,
FFIV,
FICO,
FIS,
FISV,
FITB,
FIX,
FOX,
FOXA,
FRT,
FSLR,
FTNT,
FTV,
GD,
GDDY,
GE,
GEHC,
GEN,
GEV,
GILD,
GIS,
GL,
GLW,
GM,
GNRC,
GOOG,
GOOGL,
GPC,
GPN,
GRMN,
GS,
GWW,
HAL,
HAS,
HBAN,
HCA,
HD,
HIG,
HII,
HLT,
HON,
HOOD,
HPE,
HPQ,
HRL,
HSIC,
HST,
HSY,
HUBB,
HUM,
HWM,
IBKR,
IBM,
ICE,
IDXX,
IEX,
IFF,
INCY,
INTC,
INTU,
INVH,
IONQ,
IP,
IQV,
IR,
IRM,
ISRG,
IT,
ITW,
IVZ,
J,
JBHT,
JBL,
JCI,
JKHY,
JNJ,
JPM,
KDP,
KEY,
KEYS,
KHC,
KIM,
KKR,
KLAC,
KMB,
KMI,
KO,
KR,
KVUE,
L,
LDOS,
LEN,
LH,
LHX,
LII,
LIN,
LITE,
LLY,
LMT,
LNT,
LOW,
LRCX,
LULU,
LUV,
LVS,
LYB,
LYV,
MA,
MAA,
MAR,
MAS,
MCD,
MCHP,
MCK,
MCO,
MDLZ,
MDT,
MET,
META,
MGM,
MKC,
MLM,
MMM,
MNST,
MO,
MOS,
MPC,
MPWR,
MRK,
MRNA,
MRSH,
MS,
MSCI,
MSFT,
MSI,
MTB,
MTD,
MU,
NCLH,
NDAQ,
NDSN,
NEE,
NEM,
NFLX,
NI,
NKE,
NOC,
NOW,
NRG,
NSC,
NTAP,
NTRS,
NUE,
NVDA,
NVR,
NWS,
NWSA,
NXPI,
O,
ODFL,
OKE,
OMC,
ON,
ORCL,
ORLY,
OTIS,
OXY,
PANW,
PAYX,
PCAR,
PCG,
PEG,
PEP,
PFE,
PFG,
PG,
PGR,
PH,
PHM,
PKG,
PLD,
PLTR,
PM,
PNC,
PNR,
PNW,
PODD,
POOL,
PPG,
PPL,
PRU,
PSA,
PSKY,
PSX,
PTC,
PWR,
PYPL,
Q,
QCOM,
RCL,
REG,
REGN,
RF,
RJF,
RKLB,
RL,
RMD,
ROK,
ROL,
ROP,
ROST,
RSG,
RTX,
RVTY,
SATS,
SBAC,
SBUX,
SCHW,
SHW,
SJM,
SLB,
SMCI,
SNA,
SNDK,
SNPS,
SO,
SOLV,
SPG,
SPGI,
SRE,
STE,
STLD,
STT,
STX,
STZ,
SW,
SWK,
SWKS,
SYF,
SYK,
SYY,
T,
TAP,
TDG,
TDY,
TECH,
TEL,
TER,
TFC,
TGT,
TJX,
TKO,
TMO,
TMUS,
TPL,
TPR,
TRGP,
TRMB,
TROW,
TRV,
TSCO,
TSLA,
TSN,
TT,
TTD,
TTWO,
TXN,
TXT,
TYL,
UAL,
UBER,
UDR,
UHS,
ULTA,
UNH,
UNP,
UPS,
URI,
USB,
V,
VEEV,
VICI,
VLO,
VLTO,
VMC,
VRSK,
VRSN,
VRT,
VRTX,
VST,
VTR,
VTRS,
VZ,
WAB,
WAT,
WBD,
WDAY,
WDC,
WEC,
WELL,
WFC,
WM,
WMB,
WMT,
WRB,
WSM,
WST,
WTW,
WY,
WYNN,
XEL,
XOM,
XYL,
XYZ,
YUM,
ZBH,
ZBRA,
ZTS,
